Date,Product_Category,Region,Customer_Segment,Sales,Quantity,Discount,Marketing_Spend,Profit,High_Performance
2019-01-01 16:58:07,Electronics,North,Small Business,246.0,2,0.29,1246.94,100.16,0
2019-01-01 19:37:20,Electronics,West,Corporate,766.4,4,0.1,2741.08,283.12,0
2019-01-03 06:56:15,Electronics,East,Consumer,461.84,10,0.07,2859.49,846.28,1
2019-01-04 03:30:36,Furniture,South,Small Business,327.34,2,0.05,1157.12,153.36,0
2019-01-06 04:32:25,Furniture,North,Small Business,242.89,14,0.19,1411.13,201.42,0
2019-01-06 04:49:55,Food,South,Small Business,41.02,9,0.07,1879.09,94.3,0
2019-01-07 03:05:25,Electronics,East,Corporate,695.06,14,0.22,638.91,771.9,1
2019-01-09 21:46:38,Furniture,North,Consumer,361.47,1,0.18,2219.91,71.49,0
2019-01-10 07:08:48,Furniture,West,Corporate,350.83,13,0.28,2522.1,981.84,1
2019-01-12 12:42:41,Furniture,West,Small Business,415.92,11,0.21,2861.74,526.71,1
2019-01-13 01:47:13,Food,South,Corporate,59.15,8,0.09,1597.21,112.57,0
2019-01-13 11:53:20,Clothing,East,Consumer,72.66,13,0.14,2161.98,225.76,0
2019-01-15 21:24:03,Food,South,Corporate,38.54,6,0.0,1488.66,20.79,0
2019-01-19 22:12:36,Office Supplies,North,Small Business,67.46,6,0.08,2500.26,47.9,0
2019-01-21 05:33:34,Furniture,North,Consumer,229.19,2,0.03,1447.75,96.97,0
2019-01-23 22:58:29,Clothing,West,Consumer,80.74,6,0.01,2640.23,82.64,0
2019-01-24 00:32:53,Office Supplies,South,Corporate,183.82,5,0.15,1649.47,167.57,0
2019-01-26 20:50:00,Electronics,South,Corporate,431.29,7,0.01,2507.77,454.23,1
2019-01-27 08:19:20,Clothing,East,Corporate,86.67,14,0.22,1230.18,142.83,0
2019-01-28 11:12:19,Office Supplies,West,Consumer,149.69,12,0.28,1971.28,116.12,0
2019-01-29 18:06:53,Food,North,Consumer,48.87,6,0.19,1714.31,58.73,0
2019-01-29 23:29:31,Clothing,South,Small Business,92.13,3,0.19,2530.29,26.26,0
2019-01-31 01:31:20,Clothing,North,Small Business,128.99,1,0.22,1054.3,16.97,0
2019-01-31 13:25:28,Clothing,North,Small Business,63.22,5,0.26,1984.64,47.05,0
2019-01-31 21:04:27,Food,West,Small Business,54.85,12,0.09,2541.86,165.18,0
2019-02-04 10:44:02,Office Supplies,East,Consumer,57.45,7,0.27,2045.83,70.69,0
2019-02-08 13:17:48,Clothing,West,Small Business,87.55,10,0.09,3029.09,56.82,0
2019-02-08 17:06:09,Clothing,North,Consumer,89.72,5,0.0,1800.83,28.68,0
2019-02-08 23:10:12,Electronics,North,Corporate,465.63,6,0.18,2948.02,391.49,1
2019-02-09 00:02:00,Food,North,Small Business,43.34,1,0.12,2032.06,10.82,0
2019-02-09 02:46:09,Clothing,South,Consumer,69.94,10,0.08,1840.21,169.4,0
2019-02-09 04:22:37,Clothing,South,Corporate,64.66,5,0.28,1282.99,26.91,0
2019-02-11 11:45:02,Food,North,Corporate,50.78,7,0.02,1443.27,52.7,0
2019-02-12 17:55:05,Clothing,North,Consumer,119.8,6,0.28,1526.36,118.22,0
2019-02-12 18:39:21,Furniture,West,Corporate,357.95,4,0.17,2817.1,345.29,1
2019-02-12 19:36:31,Food,West,Consumer,46.74,6,0.22,2655.43,33.25,0
2019-02-13 07:13:16,Office Supplies,West,Consumer,126.14,12,0.08,2272.62,242.83,0
2019-02-16 17:04:11,Clothing,South,Consumer,105.81,6,0.08,1442.36,169.83,0
2019-02-18 10:10:39,Food,South,Corporate,40.99,1,0.17,1341.37,3.21,0
2019-02-19 16:55:39,Electronics,North,Consumer,538.43,13,0.21,1205.73,980.35,1
2019-02-20 07:09:20,Clothing,West,Consumer,91.51,12,0.25,1369.8,132.25,0
2019-02-21 16:37:51,Electronics,East,Consumer,690.7,5,0.05,795.13,267.04,0
2019-02-22 07:56:13,Electronics,East,Corporate,522.71,14,0.05,2062.81,1881.61,1
2019-02-22 14:39:43,Clothing,West,Corporate,65.5,2,0.1,2893.27,17.59,0
2019-02-22 23:43:58,Furniture,West,Small Business,166.12,14,0.0,2792.46,430.95,1
2019-02-25 22:32:57,Office Supplies,West,Consumer,102.42,6,0.15,2421.16,41.39,0
2019-02-26 02:44:47,Furniture,South,Small Business,502.37,9,0.11,2297.64,610.05,1
2019-02-27 15:45:05,Food,East,Consumer,48.76,10,0.0,2094.1,130.1,0
2019-02-27 21:10:45,Furniture,East,Small Business,230.27,7,0.29,1342.64,259.71,0
2019-03-01 09:06:37,Office Supplies,South,Small Business,144.85,4,0.13,2442.74,140.21,0
2019-03-02 00:08:22,Furniture,East,Corporate,142.79,7,0.02,877.71,49.55,0
2019-03-04 14:44:21,Clothing,West,Corporate,72.96,11,0.19,2404.9,115.02,0
2019-03-06 09:01:07,Electronics,North,Consumer,514.39,2,0.14,1521.18,129.16,0
2019-03-07 10:37:17,Clothing,North,Small Business,76.97,14,0.05,1958.2,127.08,0
2019-03-07 16:18:39,Food,North,Small Business,67.02,6,0.15,1335.73,47.16,0
2019-03-09 17:59:44,Clothing,North,Consumer,74.65,5,0.02,2491.02,38.98,0
2019-03-13 18:24:06,Office Supplies,North,Small Business,38.42,13,0.01,2106.02,133.81,0
2019-03-14 17:51:28,Clothing,West,Corporate,70.43,5,0.24,2437.64,70.16,0
2019-03-15 03:28:27,Electronics,South,Consumer,494.94,1,0.0,1442.83,113.2,0
2019-03-16 02:53:23,Furniture,North,Small Business,379.6,7,0.25,2154.27,252.01,0
2019-03-17 09:00:40,Food,East,Corporate,48.46,10,0.14,2315.48,95.59,0
2019-03-19 01:58:28,Food,North,Consumer,40.69,3,0.2,2678.22,14.56,0
2019-03-24 12:35:44,Electronics,North,Corporate,273.46,11,0.21,2372.07,390.89,1
2019-03-24 14:13:49,Office Supplies,South,Corporate,102.51,8,0.18,1803.01,139.74,0
2019-03-28 10:40:10,Furniture,West,Corporate,291.58,12,0.27,1425.21,486.55,1
2019-03-30 14:21:49,Electronics,West,Consumer,151.82,10,0.16,1183.03,161.62,0
2019-03-31 12:21:42,Electronics,North,Corporate,324.61,1,0.02,1766.53,26.82,0
2019-04-02 07:02:19,Electronics,North,Small Business,737.79,7,0.08,2558.67,758.61,1
2019-04-03 06:16:19,Food,South,Small Business,50.21,6,0.18,757.21,63.23,0
2019-04-08 20:29:21,Electronics,North,Small Business,589.27,14,0.08,2073.11,529.25,1
2019-04-10 08:49:37,Food,South,Consumer,54.1,12,0.18,2001.52,77.32,0
2019-04-11 05:02:24,Food,West,Small Business,31.76,7,0.16,2331.84,30.16,0
2019-04-13 10:17:31,Office Supplies,East,Consumer,101.34,8,0.02,1570.89,219.37,0
2019-04-19 20:40:34,Office Supplies,North,Small Business,118.91,10,0.19,1391.7,213.26,0
2019-04-23 07:11:41,Office Supplies,North,Consumer,112.42,1,0.05,2392.87,7.92,0
2019-04-27 06:57:33,Clothing,South,Corporate,82.89,6,0.07,1209.65,48.3,0
2019-04-28 23:10:57,Office Supplies,North,Corporate,96.57,5,0.2,1677.21,22.64,0
2019-04-29 00:54:59,Office Supplies,South,Consumer,129.91,4,0.05,1334.83,99.09,0
2019-04-29 22:03:41,Food,West,Small Business,41.82,4,0.06,1753.19,46.43,0
2019-04-30 03:04:18,Clothing,West,Consumer,80.68,4,0.2,2214.76,21.56,0
2019-05-01 14:59:18,Clothing,North,Corporate,62.92,3,0.29,1985.02,17.5,0
2019-05-02 11:21:40,Clothing,South,Small Business,46.0,4,0.18,2002.7,19.74,0
2019-05-03 21:14:04,Furniture,North,Consumer,389.07,4,0.22,2422.9,305.13,0
2019-05-07 20:10:14,Clothing,East,Corporate,76.27,8,0.14,741.5,85.29,0
2019-05-07 23:25:23,Office Supplies,West,Corporate,192.79,7,0.02,3498.76,385.16,1
2019-05-08 03:54:28,Clothing,North,Small Business,102.62,7,0.16,2847.74,55.69,0
2019-05-11 21:49:12,Electronics,East,Consumer,475.38,8,0.17,2531.24,562.86,1
2019-05-12 02:10:37,Office Supplies,West,Corporate,194.83,2,0.16,1897.07,38.58,0
2019-05-12 20:32:46,Office Supplies,South,Consumer,58.47,11,0.01,1125.68,83.25,0
2019-05-13 18:36:01,Clothing,South,Consumer,66.74,12,0.17,1578.33,155.17,0
2019-05-14 04:11:45,Office Supplies,South,Corporate,137.66,6,0.27,1177.59,141.21,0
2019-05-14 16:58:11,Clothing,North,Consumer,49.86,9,0.1,2812.94,37.41,0
2019-05-15 08:44:36,Furniture,East,Small Business,227.47,12,0.08,1870.65,141.05,0
2019-05-16 15:41:17,Furniture,South,Consumer,360.02,5,0.24,1644.48,149.66,0
2019-05-16 17:18:18,Food,West,Consumer,52.4,14,0.22,1926.71,45.7,0
2019-05-22 03:33:46,Office Supplies,East,Corporate,136.07,14,0.28,2121.1,156.05,0
2019-05-24 21:09:55,Furniture,North,Corporate,419.02,8,0.23,2305.54,557.75,1
2019-05-25 17:07:27,Office Supplies,West,Consumer,169.92,11,0.14,1660.4,184.43,0
2019-05-28 01:43:55,Food,South,Consumer,44.99,6,0.11,1454.69,46.83,0
2019-05-28 05:07:22,Furniture,South,Small Business,314.12,5,0.12,968.27,149.41,0
2019-05-28 05:54:54,Electronics,North,Consumer,313.71,12,0.12,1999.52,411.16,1
2019-05-29 02:42:12,Office Supplies,South,Corporate,131.92,3,0.1,1660.22,22.5,0
2019-05-29 12:19:55,Office Supplies,North,Consumer,87.94,13,0.15,1947.47,52.4,0
2019-05-29 15:24:19,Electronics,North,Consumer,388.65,1,0.08,1996.9,62.68,0
2019-05-31 06:53:28,Food,West,Corporate,46.41,11,0.28,2423.05,24.89,0
2019-05-31 17:06:13,Furniture,East,Consumer,307.43,13,0.02,500.0,898.74,1
2019-05-31 17:25:04,Electronics,North,Corporate,606.06,6,0.09,2449.21,712.96,1
2019-06-02 15:07:57,Office Supplies,West,Corporate,113.04,8,0.23,1764.39,177.88,0
2019-06-02 23:34:08,Food,West,Corporate,36.64,6,0.13,1839.28,23.24,0
2019-06-04 02:38:12,Food,West,Small Business,59.63,9,0.23,2314.47,102.71,0
2019-06-05 21:42:17,Clothing,North,Consumer,88.24,2,0.15,2620.26,32.53,0
2019-06-06 00:24:14,Electronics,South,Small Business,792.53,13,0.02,1335.52,1086.22,1
2019-06-11 11:56:07,Clothing,West,Consumer,72.87,14,0.07,2166.07,274.16,0
2019-06-16 22:01:08,Clothing,South,Corporate,58.85,10,0.03,2126.93,112.51,0
2019-06-17 22:19:47,Clothing,East,Small Business,59.22,2,0.12,1177.69,13.85,0
2019-06-18 16:10:58,Furniture,North,Corporate,310.76,12,0.19,2105.83,353.05,1
2019-06-19 13:31:11,Office Supplies,West,Corporate,146.0,9,0.05,1775.79,187.07,0
2019-06-20 07:58:15,Electronics,East,Consumer,607.11,11,0.15,2316.78,969.45,1
2019-06-20 21:22:40,Furniture,South,Consumer,234.08,5,0.12,1032.07,221.54,0
2019-06-22 05:48:48,Food,South,Corporate,57.69,7,0.21,1767.93,51.41,0
2019-06-24 00:04:48,Furniture,South,Corporate,405.59,4,0.25,1297.95,264.42,0
2019-06-25 20:03:37,Electronics,South,Corporate,555.64,14,0.19,1410.7,1731.23,1
2019-06-28 11:37:20,Office Supplies,South,Consumer,169.79,1,0.23,1561.95,11.1,0
2019-07-03 01:00:28,Food,West,Corporate,50.74,1,0.01,1776.02,10.53,0
2019-07-04 00:47:56,Clothing,West,Consumer,68.83,4,0.3,1967.6,31.69,0
2019-07-05 14:53:47,Food,South,Corporate,57.13,3,0.04,1289.64,8.83,0
2019-07-10 05:05:43,Food,East,Small Business,45.11,13,0.11,1472.16,156.01,0
2019-07-14 15:16:09,Electronics,North,Consumer,473.87,8,0.19,1525.7,780.63,1
2019-07-14 23:16:04,Furniture,North,Consumer,424.57,8,0.05,2334.56,605.29,1
2019-07-15 03:51:10,Furniture,West,Corporate,262.46,9,0.0,2571.1,228.83,0
2019-07-15 10:54:54,Clothing,North,Consumer,106.21,9,0.24,2415.91,134.64,0
2019-07-15 23:59:40,Office Supplies,South,Consumer,78.73,13,0.26,1355.82,102.43,0
2019-07-16 05:23:51,Furniture,North,Small Business,268.99,2,0.3,1996.32,28.59,0
2019-07-17 02:11:48,Office Supplies,East,Small Business,114.16,13,0.09,1147.32,67.74,0
2019-07-20 08:34:12,Clothing,East,Corporate,89.87,11,0.26,2804.77,134.03,0
2019-07-23 00:35:37,Electronics,North,Consumer,453.26,4,0.19,1352.87,127.71,0
2019-07-23 08:19:47,Electronics,East,Corporate,550.47,14,0.28,1247.21,541.31,1
2019-07-25 10:46:04,Electronics,East,Small Business,709.4,11,0.12,2430.24,2058.47,1
2019-07-26 07:06:53,Furniture,South,Small Business,233.58,8,0.13,1330.25,482.22,1
2019-07-26 23:25:50,Food,South,Consumer,46.06,1,0.06,882.35,3.55,0
2019-07-31 19:01:57,Furniture,North,Small Business,359.42,6,0.24,1892.78,316.91,1
2019-08-07 11:40:37,Food,West,Small Business,48.63,14,0.22,1865.31,48.45,0
2019-08-07 15:46:48,Food,South,Consumer,68.87,4,0.23,1546.5,45.92,0
2019-08-08 19:39:43,Clothing,East,Small Business,78.52,4,0.04,1182.31,68.51,0
2019-08-10 19:28:48,Clothing,West,Consumer,98.65,6,0.08,2548.8,60.38,0
2019-08-13 22:09:14,Clothing,East,Corporate,81.26,14,0.23,1475.56,262.44,0
2019-08-14 19:51:52,Clothing,East,Corporate,81.08,6,0.11,1855.16,100.78,0
2019-08-15 13:58:23,Clothing,East,Consumer,70.07,6,0.15,1590.46,92.92,0
2019-08-17 00:01:53,Furniture,East,Consumer,387.95,2,0.15,2279.58,164.36,0
2019-08-21 12:06:05,Clothing,East,Corporate,107.65,10,0.29,1678.72,96.1,0
2019-08-22 06:06:13,Office Supplies,West,Corporate,108.53,1,0.29,2788.35,5.19,0
2019-08-22 17:24:40,Furniture,South,Small Business,98.12,6,0.14,1552.67,74.52,0
2019-08-23 17:17:26,Furniture,South,Small Business,167.16,14,0.13,2151.4,293.7,0
2019-08-23 17:48:09,Food,North,Small Business,37.94,3,0.17,1964.33,27.78,0
2019-08-26 23:08:11,Clothing,East,Small Business,62.7,3,0.08,2291.25,30.33,0
2019-08-29 21:18:29,Office Supplies,East,Corporate,84.92,7,0.07,1976.42,99.54,0
2019-08-29 21:56:32,Clothing,North,Consumer,66.87,14,0.14,1530.15,202.04,0
2019-08-30 04:56:14,Electronics,South,Consumer,542.89,7,0.17,1206.42,788.97,1
2019-09-02 00:03:08,Office Supplies,East,Consumer,64.61,5,0.14,1974.61,38.01,0
2019-09-02 06:26:32,Electronics,North,Small Business,503.25,10,0.26,2126.08,580.47,1
2019-09-02 09:00:03,Clothing,North,Corporate,91.82,2,0.14,1917.14,20.87,0
2019-09-02 13:32:23,Furniture,West,Small Business,379.95,1,0.04,2887.15,49.68,0
2019-09-03 08:54:56,Office Supplies,South,Consumer,90.01,13,0.12,1102.28,106.23,0
2019-09-04 09:35:48,Furniture,West,Consumer,219.75,11,0.02,2255.82,155.42,0
2019-09-05 02:58:29,Office Supplies,West,Small Business,88.57,6,0.17,2219.92,36.29,0
2019-09-06 19:20:23,Furniture,East,Corporate,356.1,14,0.27,1904.59,728.87,1
2019-09-06 19:49:15,Office Supplies,West,Consumer,169.43,7,0.29,2881.2,112.8,0
2019-09-09 14:42:36,Electronics,North,Corporate,512.22,4,0.03,2630.51,324.13,1
2019-09-11 17:11:57,Office Supplies,West,Small Business,99.61,2,0.24,1530.0,24.85,0
2019-09-12 06:59:18,Office Supplies,North,Corporate,115.97,13,0.22,2333.39,137.33,0
2019-09-14 16:40:34,Food,South,Small Business,45.28,1,0.07,1567.55,3.42,0
2019-09-15 17:46:46,Electronics,East,Consumer,496.55,2,0.14,1691.29,83.77,0
2019-09-16 12:13:55,Furniture,North,Small Business,286.43,5,0.03,1163.27,250.92,0
2019-09-19 02:19:41,Clothing,East,Small Business,72.22,11,0.11,1839.24,163.1,0
2019-09-21 00:42:36,Furniture,West,Corporate,259.21,4,0.16,1674.12,161.4,0
2019-09-24 03:03:40,Furniture,South,Consumer,174.32,10,0.25,1604.76,236.7,0
2019-09-24 10:41:25,Furniture,North,Consumer,378.65,12,0.1,1844.64,582.12,1
2019-09-24 12:24:35,Furniture,West,Small Business,368.68,10,0.3,2181.25,587.87,1
2019-09-25 09:03:03,Electronics,West,Small Business,266.2,13,0.01,1734.11,757.12,1
2019-09-25 22:56:57,Food,North,Consumer,38.4,1,0.23,2054.91,5.39,0
2019-09-26 22:01:50,Office Supplies,West,Corporate,138.54,7,0.1,3316.6,230.92,0
2019-09-27 14:52:59,Food,East,Small Business,61.1,11,0.29,1407.4,88.52,0
2019-09-29 09:31:14,Furniture,South,Consumer,268.07,10,0.14,1899.9,147.22,0
2019-09-29 19:23:07,Office Supplies,East,Consumer,138.22,8,0.0,500.0,260.5,0
2019-09-30 02:01:42,Furniture,South,Consumer,406.85,13,0.08,1379.67,811.42,1
2019-10-01 07:37:29,Furniture,West,Consumer,230.89,11,0.16,2095.86,437.65,1
2019-10-01 13:53:42,Electronics,South,Consumer,565.6,10,0.04,1876.72,901.35,1
2019-10-02 03:22:27,Furniture,North,Corporate,342.81,12,0.06,2481.73,529.56,1
2019-10-02 08:47:36,Food,South,Corporate,55.97,7,0.21,1776.41,32.37,0
2019-10-02 12:08:55,Food,South,Consumer,39.18,13,0.13,999.17,93.54,0
2019-10-03 22:46:02,Electronics,South,Corporate,454.03,14,0.18,2310.42,395.11,1
2019-10-04 23:29:44,Food,South,Small Business,57.27,7,0.12,2652.58,76.61,0
2019-10-08 05:08:32,Clothing,West,Corporate,102.52,3,0.2,1198.31,72.14,0
2019-10-08 14:31:04,Electronics,North,Corporate,373.12,14,0.06,2784.48,1425.96,1
2019-10-16 17:55:44,Food,South,Consumer,50.39,11,0.22,2304.64,117.49,0
2019-10-17 22:21:30,Electronics,North,Corporate,691.38,13,0.12,2500.06,2113.71,1
2019-10-20 20:04:14,Electronics,North,Small Business,602.46,14,0.14,1762.13,515.68,1
2019-10-27 06:28:39,Food,South,Corporate,54.09,11,0.09,1157.14,98.5,0
2019-10-29 15:47:25,Office Supplies,North,Small Business,145.43,3,0.17,2348.38,45.08,0
2019-10-31 03:25:39,Clothing,North,Consumer,43.28,10,0.14,1408.49,83.93,0
2019-11-02 03:40:10,Office Supplies,North,Consumer,77.33,14,0.27,2115.25,86.8,0
2019-11-05 13:10:09,Office Supplies,North,Small Business,135.87,12,0.03,1451.68,256.86,0
2019-11-06 10:37:10,Food,West,Corporate,39.2,1,0.25,2352.14,8.36,0
2019-11-06 22:30:42,Food,West,Consumer,30.07,3,0.19,2457.13,7.01,0
2019-11-08 19:07:19,Food,South,Consumer,51.9,12,0.01,2234.16,177.02,0
2019-11-09 14:33:44,Furniture,East,Small Business,244.67,4,0.08,2156.02,68.52,0
2019-11-11 14:05:08,Food,South,Consumer,45.99,7,0.08,860.42,79.65,0
2019-11-13 12:03:40,Electronics,South,Small Business,426.93,4,0.16,1128.57,263.76,0
2019-11-13 12:56:15,Office Supplies,West,Small Business,175.6,4,0.02,1534.99,168.37,0
2019-11-14 17:28:47,Food,East,Consumer,60.34,11,0.06,2824.32,125.99,0
2019-11-18 12:54:59,Food,South,Small Business,50.17,12,0.19,2316.02,112.52,0
2019-11-18 21:43:35,Electronics,South,Consumer,508.16,11,0.06,1696.47,642.53,1
2019-11-24 03:59:44,Furniture,East,Small Business,418.3,6,0.21,2236.03,137.17,0
2019-11-26 02:14:08,Office Supplies,East,Corporate,82.42,13,0.24,2277.21,91.98,0
2019-11-29 06:49:39,Electronics,South,Corporate,680.65,8,0.06,1565.34,942.47,1
2019-12-02 14:58:09,Clothing,East,Consumer,87.98,5,0.03,1323.72,89.93,0
2019-12-03 17:38:27,Electronics,East,Small Business,597.07,12,0.19,1664.32,317.89,1
2019-12-05 16:58:46,Food,South,Small Business,54.45,8,0.12,500.0,31.01,0
2019-12-06 21:06:54,Food,West,Small Business,51.64,10,0.21,2022.16,70.74,0
2019-12-08 01:51:08,Clothing,East,Consumer,93.95,9,0.24,1431.5,186.49,0
2019-12-09 00:12:15,Electronics,West,Consumer,459.5,11,0.12,2038.91,930.82,1
2019-12-12 14:12:54,Electronics,South,Small Business,563.12,13,0.01,1621.12,1955.55,1
2019-12-13 10:57:03,Furniture,West,Consumer,455.41,10,0.06,2543.58,528.47,1
2019-12-14 12:03:24,Furniture,North,Small Business,105.58,5,0.25,1270.29,81.36,0
2019-12-16 08:44:14,Food,South,Consumer,54.55,7,0.02,1374.62,83.89,0
2019-12-18 06:26:04,Electronics,North,Consumer,277.3,12,0.16,2002.86,203.04,0
2019-12-20 01:06:20,Clothing,East,Consumer,109.96,12,0.13,2315.15,191.8,0
2019-12-23 04:11:22,Electronics,West,Consumer,488.48,9,0.24,2694.01,265.63,0
2019-12-23 20:13:39,Clothing,East,Consumer,106.99,12,0.04,2346.21,130.37,0
2019-12-25 04:42:23,Electronics,South,Corporate,558.34,11,0.16,1389.79,848.41,1
2019-12-27 11:41:22,Clothing,West,Small Business,70.59,5,0.14,2289.79,23.31,0
2019-12-29 03:16:02,Food,East,Consumer,60.36,3,0.21,2861.01,22.73,0
2019-12-30 04:11:31,Furniture,North,Consumer,291.28,13,0.07,1222.96,286.02,0
2019-12-31 22:33:23,Furniture,North,Corporate,320.68,8,0.21,1808.79,254.55,0
2020-01-02 02:48:03,Electronics,South,Small Business,671.11,13,0.15,1379.93,1832.07,1
2020-01-02 11:56:44,Electronics,East,Small Business,630.85,5,0.2,1738.16,583.4,1
2020-01-03 04:38:46,Clothing,South,Consumer,101.19,10,0.14,1252.37,134.65,0
2020-01-06 22:30:03,Furniture,East,Small Business,272.65,8,0.16,1335.99,157.36,0
2020-01-11 07:01:41,Food,East,Corporate,49.33,8,0.08,2177.58,60.14,0
2020-01-11 20:49:43,Furniture,South,Small Business,209.49,5,0.29,1361.74,82.49,0
2020-01-13 00:56:09,Office Supplies,West,Corporate,183.79,12,0.11,1397.88,347.13,1
2020-01-15 14:30:55,Furniture,West,Small Business,128.53,13,0.04,2543.43,452.35,1
2020-01-19 10:07:56,Furniture,North,Consumer,255.07,12,0.21,1877.61,314.38,1
2020-01-19 20:09:33,Electronics,East,Small Business,662.34,5,0.11,2484.84,526.69,1
2020-01-20 21:44:36,Office Supplies,South,Small Business,39.75,4,0.27,2070.59,25.55,0
2020-01-21 00:38:39,Food,South,Consumer,50.38,9,0.07,1502.29,26.44,0
2020-01-21 01:04:18,Clothing,North,Consumer,116.27,4,0.09,2078.44,57.48,0
2020-01-26 00:46:28,Clothing,West,Small Business,95.73,8,0.07,1756.84,56.22,0
2020-01-26 23:15:13,Clothing,West,Small Business,93.15,8,0.24,2810.22,151.41,0
2020-01-29 06:20:02,Food,South,Corporate,55.75,5,0.08,1598.42,75.14,0
2020-01-29 12:18:53,Food,North,Corporate,47.29,2,0.18,2067.6,9.81,0
2020-01-30 01:05:04,Food,South,Consumer,37.14,6,0.06,1184.22,50.51,0
2020-01-30 01:07:46,Food,West,Corporate,62.62,3,0.05,2030.28,10.13,0
2020-01-30 12:24:23,Furniture,South,Consumer,302.81,6,0.24,1717.66,185.93,0
2020-01-30 18:43:46,Electronics,West,Corporate,520.64,11,0.19,3484.75,287.7,0
2020-01-30 21:31:57,Electronics,South,Consumer,208.97,10,0.21,2766.19,254.81,0
2020-02-03 11:33:23,Furniture,West,Corporate,341.4,5,0.1,2487.37,268.54,0
2020-02-06 02:23:19,Office Supplies,South,Consumer,134.13,14,0.18,2062.11,158.99,0
2020-02-07 06:25:14,Food,West,Corporate,26.24,7,0.24,2351.35,24.68,0
2020-02-07 17:25:14,Office Supplies,East,Corporate,112.68,4,0.12,1849.15,36.24,0
2020-02-09 00:25:27,Electronics,West,Corporate,410.16,11,0.25,1737.89,347.0,1
2020-02-09 14:46:02,Food,North,Corporate,34.69,9,0.22,1055.81,30.25,0
2020-02-11 21:13:48,Food,West,Consumer,40.83,2,0.04,1469.71,5.59,0
2020-02-12 13:31:38,Office Supplies,North,Small Business,31.7,10,0.19,1842.17,66.65,0
2020-02-15 01:04:13,Food,South,Consumer,48.27,6,0.15,1758.17,25.91,0
2020-02-16 14:30:19,Clothing,North,Corporate,99.06,9,0.19,1275.01,83.12,0
2020-02-16 14:44:13,Electronics,West,Small Business,582.56,3,0.2,2010.77,228.57,0
2020-02-16 19:40:25,Electronics,West,Small Business,558.98,11,0.21,2369.27,997.28,1
2020-02-17 03:42:35,Clothing,East,Corporate,79.44,12,0.03,1860.06,49.92,0
2020-02-18 05:34:07,Furniture,East,Consumer,493.79,14,0.09,2037.85,1440.02,1
2020-02-19 05:22:01,Food,East,Corporate,42.18,4,0.27,1435.59,25.41,0
2020-02-20 23:35:20,Office Supplies,West,Consumer,147.53,12,0.15,2214.72,326.16,1
2020-02-22 18:04:40,Food,West,Consumer,36.92,7,0.26,1706.62,20.08,0
2020-02-22 20:34:13,Clothing,North,Consumer,77.57,7,0.15,1039.45,82.41,0
2020-02-24 14:24:07,Food,South,Small Business,63.59,10,0.16,2433.69,152.98,0
2020-02-24 15:51:10,Electronics,North,Consumer,400.26,14,0.08,1554.54,373.2,1
2020-02-26 06:07:04,Food,North,Corporate,60.28,2,0.15,1451.98,7.7,0
2020-02-26 16:27:02,Furniture,East,Consumer,297.59,6,0.29,1789.55,161.53,0
2020-02-27 05:45:41,Clothing,West,Consumer,81.34,9,0.22,1802.28,143.54,0
2020-02-27 14:37:46,Clothing,East,Small Business,69.12,2,0.23,1703.04,29.56,0
2020-02-28 15:08:14,Electronics,West,Small Business,545.87,5,0.19,1345.13,264.34,0
2020-02-29 00:20:21,Office Supplies,East,Consumer,93.88,4,0.26,2345.57,21.5,0
2020-02-29 00:26:33,Electronics,East,Small Business,696.1,13,0.0,1927.48,2098.26,1
2020-03-01 23:48:50,Electronics,West,Consumer,553.19,13,0.13,2094.9,806.19,1
2020-03-02 01:14:07,Food,South,Small Business,61.23,14,0.08,995.08,210.2,0
2020-03-02 17:25:24,Furniture,South,Small Business,302.22,5,0.08,1500.95,74.21,0
2020-03-03 01:34:06,Clothing,East,Consumer,83.31,12,0.13,1962.94,91.4,0
2020-03-04 05:21:56,Food,South,Consumer,57.01,4,0.24,1533.38,8.97,0
2020-03-07 21:57:36,Electronics,East,Small Business,670.46,8,0.22,2545.58,255.74,0
2020-03-08 00:40:43,Furniture,North,Corporate,431.5,2,0.03,2825.09,84.15,0
2020-03-08 04:59:32,Food,South,Small Business,51.93,6,0.02,1391.71,70.81,0
2020-03-08 23:02:51,Electronics,West,Consumer,631.74,5,0.02,1547.4,813.96,1
2020-03-12 10:55:31,Food,South,Small Business,51.5,13,0.2,1597.13,126.83,0
2020-03-13 15:54:14,Furniture,South,Consumer,460.03,11,0.28,809.31,234.18,0
2020-03-14 03:36:26,Furniture,South,Corporate,319.15,4,0.24,1931.25,102.75,0
2020-03-14 09:18:04,Clothing,East,Small Business,95.19,2,0.12,2669.66,9.28,0
2020-03-16 00:59:42,Food,South,Corporate,62.71,1,0.22,1118.63,10.79,0
2020-03-19 16:34:42,Electronics,West,Consumer,386.19,5,0.18,1617.6,148.85,0
2020-03-21 14:08:57,Office Supplies,East,Consumer,134.56,4,0.06,1807.22,92.76,0
2020-03-21 15:32:11,Office Supplies,West,Small Business,38.25,10,0.2,1712.23,68.27,0
2020-03-22 01:14:37,Food,North,Small Business,50.38,14,0.09,894.63,179.83,0
2020-03-23 14:35:54,Electronics,South,Corporate,478.68,13,0.21,1920.08,648.61,1
2020-03-24 05:37:48,Office Supplies,East,Corporate,198.59,6,0.19,2498.17,155.48,0
2020-03-24 23:27:08,Electronics,West,Corporate,451.86,12,0.08,2673.38,803.7,1
2020-03-30 21:10:04,Clothing,North,Consumer,46.63,1,0.09,2080.07,5.96,0
2020-04-01 12:27:06,Clothing,South,Corporate,79.15,12,0.01,1508.09,85.46,0
2020-04-01 14:19:36,Furniture,West,Corporate,365.86,5,0.04,1902.24,526.05,1
2020-04-02 04:30:26,Furniture,West,Corporate,381.19,8,0.08,1760.86,375.73,1
2020-04-02 10:12:18,Clothing,East,Corporate,71.85,9,0.28,1809.85,33.92,0
2020-04-04 04:22:12,Office Supplies,West,Small Business,108.16,1,0.12,1809.82,18.67,0
2020-04-05 06:57:36,Food,West,Small Business,21.8,13,0.01,2375.98,28.98,0
2020-04-09 20:35:12,Office Supplies,North,Consumer,89.53,11,0.28,2611.11,154.53,0
2020-04-10 06:58:57,Clothing,South,Consumer,96.99,6,0.28,1053.68,117.65,0
2020-04-10 23:27:36,Food,West,Small Business,42.51,4,0.14,2511.33,31.59,0
2020-04-11 12:53:02,Furniture,South,Consumer,234.77,10,0.1,2053.43,184.58,0
2020-04-13 12:31:49,Electronics,West,Small Business,590.03,14,0.22,2552.04,624.23,1
2020-04-15 13:47:42,Food,South,Small Business,50.92,9,0.0,1425.36,44.62,0
2020-04-16 04:39:12,Clothing,West,Small Business,109.14,6,0.16,1597.17,122.28,0
2020-04-17 10:57:07,Food,West,Small Business,57.78,4,0.29,1953.37,12.12,0
2020-04-18 00:43:12,Clothing,North,Corporate,75.26,11,0.12,1686.68,107.51,0
2020-04-18 11:56:12,Furniture,North,Consumer,368.62,10,0.26,1599.21,604.85,1
2020-04-22 07:54:33,Electronics,West,Small Business,422.78,11,0.2,2695.66,1022.67,1
2020-04-25 19:33:56,Food,West,Consumer,37.74,9,0.15,2336.46,33.25,0
2020-04-29 14:30:22,Clothing,East,Small Business,92.6,7,0.09,1599.29,30.97,0
2020-05-01 18:52:14,Clothing,South,Consumer,73.54,6,0.22,2204.46,22.52,0
2020-05-02 03:52:38,Office Supplies,South,Small Business,77.63,1,0.26,1769.44,9.82,0
2020-05-03 00:45:06,Office Supplies,West,Consumer,99.29,2,0.09,2100.01,26.3,0
2020-05-09 14:38:27,Clothing,North,Consumer,71.36,10,0.0,2302.07,173.95,0
2020-05-10 09:13:18,Office Supplies,North,Consumer,144.29,1,0.15,2452.99,18.11,0
2020-05-11 01:34:40,Office Supplies,East,Corporate,91.36,11,0.0,2014.56,264.28,0
2020-05-13 22:53:48,Furniture,East,Corporate,124.46,7,0.23,1532.9,195.29,0
2020-05-14 11:55:15,Electronics,North,Consumer,523.82,13,0.02,1909.38,1148.74,1
2020-05-14 15:01:45,Furniture,North,Small Business,368.27,11,0.12,2046.18,744.1,1
2020-05-16 18:11:16,Clothing,South,Consumer,57.02,7,0.15,1090.78,21.16,0
2020-05-16 23:03:48,Clothing,North,Corporate,60.85,10,0.04,1333.26,42.72,0
2020-05-17 02:26:13,Office Supplies,North,Corporate,94.45,10,0.16,1340.19,127.23,0
2020-05-19 04:53:57,Food,East,Consumer,63.65,2,0.1,2359.21,8.55,0
2020-05-21 08:49:50,Electronics,South,Corporate,663.9,9,0.29,1808.37,262.2,0
2020-05-21 22:39:26,Furniture,North,Small Business,276.5,2,0.26,2496.52,99.7,0
2020-05-24 21:16:18,Clothing,West,Corporate,98.28,6,0.21,2239.92,49.59,0
2020-05-25 00:35:31,Furniture,South,Small Business,389.86,8,0.17,2263.17,660.85,1
2020-05-25 04:14:33,Clothing,East,Corporate,74.43,9,0.06,945.3,136.27,0
2020-05-26 04:17:29,Food,North,Consumer,46.84,9,0.03,3420.44,94.12,0
2020-05-26 12:52:14,Office Supplies,North,Corporate,103.96,8,0.01,1918.23,148.55,0
2020-05-28 11:01:42,Furniture,East,Corporate,279.68,1,0.1,2546.74,19.83,0
2020-05-31 10:37:38,Furniture,East,Corporate,351.93,10,0.01,1989.49,782.48,1
2020-05-31 19:39:08,Furniture,South,Small Business,185.5,13,0.1,1747.13,353.38,1
2020-06-01 19:22:33,Food,East,Small Business,55.24,11,0.24,964.07,106.0,0
2020-06-03 19:03:57,Clothing,East,Consumer,109.79,9,0.22,2428.28,62.67,0
2020-06-13 03:40:43,Office Supplies,North,Small Business,73.74,11,0.18,1720.57,189.71,0
2020-06-13 23:55:33,Furniture,East,Consumer,262.51,4,0.25,2149.48,206.63,0
2020-06-14 06:40:38,Clothing,West,Small Business,86.02,8,0.24,1558.25,82.64,0
2020-06-15 15:04:18,Office Supplies,South,Consumer,143.6,3,0.04,2064.9,40.5,0
2020-06-16 01:05:57,Clothing,West,Corporate,97.89,10,0.05,1913.36,228.84,0
2020-06-18 06:01:43,Food,East,Consumer,49.08,5,0.2,2390.93,36.28,0
2020-06-18 21:48:45,Clothing,South,Consumer,77.4,7,0.18,1308.63,46.16,0
2020-06-20 03:03:28,Clothing,South,Consumer,72.05,3,0.03,1361.89,44.68,0
2020-06-22 07:42:40,Electronics,West,Consumer,475.41,6,0.02,1874.85,316.84,1
2020-06-22 17:48:59,Furniture,East,Corporate,321.35,11,0.2,1074.3,275.0,0
2020-06-23 15:55:14,Clothing,West,Small Business,115.42,14,0.04,2663.04,278.56,0
2020-06-24 04:52:50,Clothing,East,Corporate,112.61,13,0.16,673.59,327.86,1
2020-06-25 12:36:03,Food,South,Corporate,43.11,1,0.13,848.14,10.81,0
2020-06-25 13:49:15,Office Supplies,West,Corporate,159.25,8,0.26,2721.53,54.77,0
2020-06-27 01:00:18,Office Supplies,West,Small Business,160.36,7,0.26,2273.5,67.41,0
2020-06-27 17:24:34,Office Supplies,North,Consumer,104.81,14,0.16,2039.06,100.83,0
2020-06-28 02:31:16,Food,North,Corporate,36.12,11,0.06,1818.55,22.23,0
2020-07-05 21:57:22,Office Supplies,West,Consumer,155.93,9,0.21,1981.9,309.75,0
2020-07-08 12:39:36,Food,South,Consumer,59.69,4,0.07,1005.25,24.11,0
2020-07-08 19:35:36,Electronics,South,Consumer,548.92,6,0.19,1316.42,645.51,1
2020-07-11 12:49:47,Office Supplies,South,Consumer,82.97,13,0.22,1362.18,199.09,0
2020-07-15 04:41:00,Office Supplies,East,Consumer,77.06,4,0.02,2241.15,71.14,0
2020-07-15 05:46:23,Office Supplies,North,Corporate,66.49,7,0.21,2482.49,43.67,0
2020-07-15 13:19:32,Electronics,North,Corporate,423.65,1,0.02,1543.71,21.17,0
2020-07-17 08:20:37,Office Supplies,East,Corporate,134.98,4,0.23,1888.59,105.71,0
2020-07-17 20:00:50,Electronics,North,Consumer,509.88,8,0.11,948.55,758.41,1
2020-07-17 20:00:57,Food,West,Consumer,39.93,7,0.19,2249.73,65.61,0
2020-07-18 09:25:32,Electronics,West,Small Business,631.71,3,0.07,2323.68,150.36,0
2020-07-19 23:28:03,Electronics,West,Consumer,598.18,13,0.18,2870.87,1370.96,1
2020-07-20 10:19:42,Office Supplies,South,Small Business,131.37,6,0.28,2164.25,133.22,0
2020-07-20 21:01:19,Electronics,South,Consumer,375.16,3,0.25,2047.06,48.82,0
2020-07-21 05:08:54,Furniture,North,Consumer,209.03,4,0.19,2117.17,170.46,0
2020-07-22 10:48:27,Clothing,North,Consumer,118.97,6,0.02,1582.61,87.37,0
2020-07-22 23:42:51,Furniture,West,Small Business,353.83,1,0.29,2528.35,44.54,0
2020-07-26 04:42:49,Food,South,Corporate,50.21,12,0.08,2302.37,165.39,0
2020-07-27 21:17:56,Clothing,North,Small Business,46.08,1,0.07,2045.16,3.61,0
2020-07-29 17:22:03,Food,West,Corporate,52.97,4,0.1,2097.89,34.41,0
2020-07-31 11:48:02,Electronics,East,Corporate,440.87,13,0.17,1350.48,1125.53,1
2020-07-31 14:44:26,Food,South,Small Business,43.44,2,0.07,1785.58,17.85,0
2020-07-31 15:17:37,Office Supplies,North,Corporate,80.52,10,0.02,1258.99,183.16,0
2020-07-31 16:47:04,Electronics,East,Consumer,626.56,7,0.24,2195.99,909.18,1
2020-08-01 21:53:57,Office Supplies,North,Consumer,75.95,13,0.28,2135.81,38.1,0
2020-08-03 15:14:43,Food,North,Small Business,33.9,14,0.21,2005.47,74.93,0
2020-08-04 09:54:32,Office Supplies,South,Consumer,49.95,13,0.02,1750.93,119.97,0
2020-08-05 03:15:57,Electronics,South,Corporate,445.69,3,0.12,1635.03,159.28,0
2020-08-06 08:49:03,Clothing,East,Consumer,64.98,6,0.21,2079.63,67.21,0
2020-08-06 19:26:44,Furniture,South,Corporate,315.33,13,0.09,1079.81,601.38,1
2020-08-11 19:39:43,Electronics,South,Small Business,571.79,10,0.27,1601.34,805.77,1
2020-08-15 01:05:00,Office Supplies,North,Corporate,146.8,10,0.04,2234.73,204.1,0
2020-08-17 01:42:35,Clothing,North,Corporate,57.47,6,0.14,2092.56,57.01,0
2020-08-17 13:45:06,Food,East,Consumer,58.34,6,0.05,1054.34,60.53,0
2020-08-19 04:14:57,Office Supplies,North,Consumer,175.6,6,0.09,1212.3,52.18,0
2020-08-20 03:07:14,Electronics,East,Small Business,392.11,9,0.03,1730.28,966.97,1
2020-08-21 13:31:38,Furniture,East,Corporate,343.72,6,0.02,1356.3,335.31,1
2020-08-22 00:58:40,Office Supplies,East,Small Business,87.67,3,0.17,1219.09,27.47,0
2020-08-23 19:40:07,Office Supplies,North,Consumer,132.26,7,0.27,1659.52,193.84,0
2020-08-24 03:34:26,Clothing,North,Corporate,61.85,14,0.12,1758.11,52.85,0
2020-08-26 16:08:33,Food,West,Corporate,55.56,12,0.02,1914.32,116.63,0
2020-08-27 00:26:55,Clothing,North,Consumer,82.61,13,0.17,1826.05,257.58,0
2020-08-27 04:50:51,Furniture,West,Corporate,310.83,2,0.07,2253.53,141.73,0
2020-08-28 03:53:22,Office Supplies,North,Small Business,122.38,1,0.17,2942.69,11.07,0
2020-08-29 23:04:26,Food,West,Consumer,44.49,10,0.1,2419.15,64.49,0
2020-08-30 02:22:18,Office Supplies,East,Consumer,134.23,12,0.02,1600.09,360.88,1
2020-08-30 14:13:35,Office Supplies,North,Consumer,134.43,13,0.14,2247.11,309.5,0
2020-08-31 08:42:47,Electronics,North,Corporate,512.16,11,0.17,1929.2,248.53,0
2020-09-01 03:44:43,Electronics,South,Small Business,398.91,9,0.06,2015.29,885.84,1
2020-09-03 10:22:09,Furniture,East,Small Business,279.85,1,0.01,1991.82,82.6,0
2020-09-05 12:23:56,Furniture,East,Small Business,261.65,2,0.08,1601.84,42.66,0
2020-09-06 02:37:51,Electronics,East,Corporate,326.66,3,0.13,1195.36,227.76,0
2020-09-09 21:27:18,Office Supplies,South,Small Business,167.95,2,0.17,1800.39,45.91,0
2020-09-14 10:03:44,Office Supplies,South,Corporate,68.4,7,0.09,1704.44,54.46,0
2020-09-15 18:09:28,Office Supplies,West,Consumer,211.13,14,0.06,3231.11,442.31,1
2020-09-16 05:38:47,Furniture,West,Small Business,347.28,13,0.1,2089.47,380.07,1
2020-09-16 11:00:29,Office Supplies,South,Corporate,126.86,7,0.26,1403.04,128.68,0
2020-09-17 01:42:43,Clothing,East,Corporate,138.47,7,0.25,2372.28,72.09,0
2020-09-17 21:57:17,Furniture,North,Small Business,234.13,4,0.12,1982.41,158.5,0
2020-09-22 00:44:30,Clothing,West,Small Business,107.49,14,0.29,1847.96,146.79,0
2020-09-22 06:42:27,Furniture,East,Consumer,380.89,13,0.09,1636.03,305.32,0
2020-09-22 11:47:35,Electronics,North,Small Business,575.45,1,0.06,2315.86,27.33,0
2020-09-23 12:40:54,Food,West,Corporate,46.04,13,0.01,1719.56,174.97,0
2020-09-25 05:19:35,Office Supplies,West,Small Business,143.2,1,0.22,2015.09,18.68,0
2020-09-25 07:13:04,Furniture,East,Corporate,320.5,13,0.03,1847.2,975.56,1
2020-09-26 19:18:56,Office Supplies,North,Corporate,193.7,14,0.26,1231.68,203.49,0
2020-09-29 19:10:31,Food,North,Corporate,41.66,6,0.22,1463.04,13.11,0
2020-09-30 14:10:59,Electronics,North,Corporate,569.89,12,0.23,2490.0,1292.4,1
2020-10-01 03:59:14,Office Supplies,South,Corporate,131.99,11,0.26,650.29,277.48,0
2020-10-01 05:27:18,Clothing,South,Small Business,77.11,2,0.03,1450.75,21.93,0
2020-10-01 13:24:11,Clothing,West,Small Business,46.69,4,0.24,1971.12,24.6,0
2020-10-03 03:37:06,Office Supplies,South,Small Business,158.33,13,0.19,561.0,127.65,0
2020-10-03 05:56:36,Electronics,West,Small Business,495.14,13,0.07,1973.18,1063.33,1
2020-10-03 20:00:31,Food,North,Consumer,40.9,3,0.3,2105.81,12.64,0
2020-10-04 02:33:54,Electronics,North,Consumer,721.12,9,0.06,2465.18,899.11,1
2020-10-04 13:58:48,Electronics,South,Small Business,569.48,13,0.14,2220.16,910.02,1
2020-10-04 23:31:04,Furniture,West,Consumer,379.91,2,0.04,2255.19,101.05,0
2020-10-06 22:47:51,Electronics,West,Consumer,251.15,14,0.04,2062.61,957.3,1
2020-10-08 04:42:48,Food,South,Corporate,63.01,5,0.16,2365.96,29.38,0
2020-10-08 09:34:17,Clothing,North,Consumer,92.59,6,0.16,1879.33,112.04,0
2020-10-08 12:50:31,Electronics,West,Small Business,422.28,11,0.26,2243.81,930.52,1
2020-10-12 18:02:37,Office Supplies,West,Small Business,128.71,14,0.18,1681.83,84.66,0
2020-10-13 13:26:23,Electronics,East,Consumer,523.3,12,0.15,1421.95,695.95,1
2020-10-16 16:20:01,Clothing,West,Consumer,90.87,8,0.09,2357.42,154.63,0
2020-10-18 02:53:50,Furniture,South,Corporate,457.23,2,0.01,1883.75,91.38,0
2020-10-18 21:17:16,Electronics,North,Small Business,545.82,14,0.03,1917.0,1691.63,1
2020-10-20 07:13:03,Furniture,West,Consumer,280.3,10,0.14,2589.92,203.53,0
2020-10-20 08:38:02,Food,North,Corporate,49.92,10,0.06,1499.02,53.82,0
2020-10-20 08:38:38,Clothing,West,Corporate,92.15,10,0.26,2633.83,158.4,0
2020-10-21 09:42:41,Furniture,South,Consumer,464.17,11,0.1,1688.09,1293.38,1
2020-10-21 13:47:51,Clothing,North,Corporate,81.98,3,0.25,2079.41,24.95,0
2020-10-21 16:25:36,Electronics,West,Consumer,625.3,14,0.18,2052.1,896.34,1
2020-10-22 08:43:39,Clothing,West,Small Business,91.46,13,0.05,2522.15,58.57,0
2020-10-24 10:44:44,Clothing,South,Consumer,58.4,4,0.25,1510.01,28.47,0
2020-10-25 15:15:02,Furniture,West,Consumer,192.95,13,0.12,1904.23,127.76,0
2020-10-25 18:51:19,Office Supplies,West,Corporate,88.4,12,0.17,1426.06,84.01,0
2020-10-26 08:22:49,Food,North,Consumer,60.52,5,0.2,1957.93,69.05,0
2020-10-29 00:42:23,Electronics,North,Small Business,478.28,5,0.3,2425.62,176.72,0
2020-10-29 08:08:02,Office Supplies,North,Corporate,194.96,12,0.01,2067.83,682.28,1
2020-10-29 14:30:17,Office Supplies,West,Consumer,128.99,2,0.25,1878.75,32.02,0
2020-10-31 01:06:03,Furniture,East,Corporate,230.69,10,0.03,2266.24,270.64,0
2020-10-31 13:18:04,Food,East,Small Business,52.87,9,0.05,2765.63,106.86,0
2020-11-03 14:56:25,Furniture,South,Small Business,337.25,1,0.21,1999.73,56.2,0
2020-11-05 03:15:45,Electronics,North,Corporate,413.23,3,0.26,2030.07,154.59,0
2020-11-10 15:17:40,Furniture,North,Corporate,216.53,14,0.02,2472.88,324.92,1
2020-11-10 21:38:23,Furniture,West,Consumer,326.19,3,0.01,2137.92,101.75,0
2020-11-12 01:10:58,Furniture,West,Small Business,432.8,5,0.19,2315.96,413.94,1
2020-11-15 13:22:59,Office Supplies,South,Corporate,86.55,7,0.09,1933.64,32.34,0
2020-11-16 17:53:54,Office Supplies,South,Corporate,143.34,13,0.23,1601.7,325.34,1
2020-11-23 18:31:44,Food,South,Corporate,43.82,4,0.18,1345.57,8.2,0
2020-11-24 19:54:23,Clothing,West,Consumer,69.31,8,0.16,3091.0,130.08,0
2020-11-25 09:16:28,Electronics,West,Consumer,539.45,3,0.3,2783.81,199.36,0
2020-11-25 19:33:12,Electronics,North,Corporate,633.41,5,0.15,1874.89,590.31,1
2020-11-28 00:06:38,Furniture,South,Corporate,272.88,8,0.08,1760.92,500.41,1
2020-11-28 23:04:09,Food,East,Corporate,55.98,7,0.25,1760.74,36.73,0
2020-11-28 23:17:34,Food,North,Corporate,72.41,1,0.25,1726.95,12.05,0
2020-11-29 15:05:05,Electronics,North,Corporate,441.39,12,0.26,2523.46,530.78,1
2020-11-30 21:53:02,Clothing,West,Corporate,95.77,1,0.04,2594.07,8.8,0
2020-12-03 23:22:52,Office Supplies,North,Consumer,93.17,11,0.15,1061.39,52.0,0
2020-12-04 11:05:08,Food,West,Small Business,50.98,9,0.17,2349.63,19.11,0
2020-12-06 16:56:24,Electronics,East,Small Business,684.12,8,0.23,1314.08,513.25,1
2020-12-06 23:16:00,Food,East,Corporate,29.5,10,0.26,2394.67,55.71,0
2020-12-07 20:10:26,Electronics,East,Corporate,575.56,2,0.04,1725.58,193.26,0
2020-12-08 14:20:38,Clothing,West,Small Business,83.44,7,0.3,2605.69,39.4,0
2020-12-10 13:41:40,Food,West,Consumer,54.06,7,0.27,2145.27,74.07,0
2020-12-13 10:05:24,Office Supplies,South,Corporate,136.66,4,0.05,1534.76,60.38,0
2020-12-15 04:14:42,Food,South,Consumer,51.6,5,0.28,500.0,21.39,0
2020-12-16 00:24:29,Furniture,East,Corporate,332.94,9,0.12,1338.35,541.57,1
2020-12-16 12:06:16,Furniture,West,Corporate,239.94,1,0.18,2357.29,16.69,0
2020-12-17 00:30:19,Electronics,West,Corporate,394.89,11,0.1,2320.1,354.35,1
2020-12-20 03:39:43,Clothing,North,Consumer,75.22,11,0.22,2504.49,134.26,0
2020-12-20 17:00:21,Furniture,South,Consumer,287.14,1,0.29,1776.78,39.07,0
2020-12-20 19:12:31,Food,North,Corporate,49.84,12,0.05,2030.19,123.15,0
2020-12-20 20:22:11,Electronics,North,Corporate,644.32,11,0.06,2689.34,636.35,1
2020-12-21 11:51:05,Food,West,Consumer,38.34,3,0.18,2505.88,5.4,0
2020-12-23 22:05:03,Furniture,North,Corporate,141.15,2,0.21,2390.78,40.43,0
2020-12-27 04:58:42,Office Supplies,West,Consumer,113.06,9,0.29,2101.19,197.43,0
2020-12-27 16:03:36,Food,North,Corporate,56.37,4,0.28,2146.14,31.8,0
2020-12-29 21:20:36,Electronics,West,Corporate,585.84,13,0.23,1248.34,1278.95,1
2020-12-30 00:57:00,Office Supplies,North,Small Business,174.69,4,0.22,2265.18,128.13,0
2020-12-30 09:44:01,Office Supplies,East,Consumer,161.36,5,0.28,2527.63,105.35,0
2021-01-01 12:32:38,Clothing,West,Consumer,71.16,9,0.06,2443.02,152.93,0
2021-01-03 08:35:16,Office Supplies,South,Small Business,179.59,4,0.11,1242.84,44.86,0
2021-01-10 08:39:10,Clothing,East,Corporate,70.52,2,0.23,2290.95,32.14,0
2021-01-10 12:33:26,Furniture,East,Small Business,165.85,12,0.18,1991.92,388.75,1
2021-01-14 20:42:18,Furniture,East,Consumer,334.89,5,0.07,972.31,394.6,1
2021-01-15 22:03:55,Office Supplies,East,Consumer,85.34,11,0.25,1247.47,167.3,0
2021-01-16 19:44:28,Office Supplies,East,Small Business,96.5,14,0.14,1930.92,311.26,0
2021-01-19 19:55:45,Food,West,Small Business,50.93,8,0.21,2650.75,56.33,0
2021-01-25 14:47:30,Clothing,South,Small Business,52.34,5,0.03,943.51,66.31,0
2021-01-25 17:08:06,Furniture,East,Small Business,236.23,9,0.2,1551.95,275.68,0
2021-01-27 07:38:03,Electronics,East,Small Business,521.43,1,0.21,1796.24,67.22,0
2021-01-28 14:03:21,Clothing,South,Corporate,80.05,12,0.29,1166.24,140.98,0
2021-01-28 18:24:07,Furniture,North,Small Business,263.7,2,0.03,2262.13,142.94,0
2021-01-30 05:14:27,Clothing,West,Corporate,105.61,2,0.01,1771.09,35.14,0
2021-01-30 19:01:29,Food,East,Corporate,37.38,9,0.09,1401.33,84.44,0
2021-02-02 23:55:51,Furniture,North,Small Business,245.9,10,0.22,2182.14,440.8,1
2021-02-05 07:36:31,Furniture,North,Small Business,294.28,6,0.12,2819.02,170.78,0
2021-02-07 08:27:20,Electronics,North,Corporate,670.94,2,0.1,2071.45,265.35,0
2021-02-07 12:49:45,Food,East,Consumer,56.03,10,0.29,1768.98,97.41,0
2021-02-10 10:50:16,Electronics,West,Corporate,666.52,9,0.22,3000.08,1323.53,1
2021-02-12 13:16:12,Clothing,South,Consumer,88.99,4,0.18,871.29,57.29,0
2021-02-13 01:55:48,Food,East,Small Business,56.98,5,0.21,2865.89,24.58,0
2021-02-15 16:26:23,Furniture,East,Small Business,235.68,1,0.19,1521.5,28.42,0
2021-02-16 06:57:28,Clothing,South,Consumer,83.09,14,0.02,635.25,261.22,0
2021-02-17 02:21:38,Clothing,East,Consumer,86.17,2,0.2,1972.33,26.82,0
2021-02-21 11:33:46,Electronics,West,Small Business,470.39,9,0.11,2599.53,759.96,1
2021-02-21 11:55:27,Food,East,Small Business,49.47,7,0.29,1806.16,27.59,0
2021-02-23 05:40:14,Office Supplies,South,Corporate,145.52,2,0.13,1247.14,40.52,0
2021-02-23 10:26:30,Food,South,Corporate,42.33,6,0.07,500.0,32.58,0
2021-02-25 03:13:52,Electronics,South,Small Business,558.46,6,0.01,1278.47,575.53,1
2021-02-28 16:11:47,Food,North,Consumer,51.13,14,0.2,1480.92,104.08,0
2021-03-02 14:20:24,Furniture,North,Corporate,329.77,1,0.2,2815.37,70.32,0
2021-03-03 06:41:31,Electronics,North,Consumer,635.33,5,0.15,2282.49,583.51,1
2021-03-04 04:42:30,Electronics,South,Corporate,487.78,12,0.17,500.0,615.11,1
2021-03-04 16:29:13,Food,South,Small Business,43.05,1,0.2,1106.62,6.88,0
2021-03-09 09:03:12,Office Supplies,West,Small Business,113.22,13,0.12,1755.38,109.76,0
2021-03-10 08:09:33,Food,East,Corporate,55.29,8,0.24,1708.33,79.99,0
2021-03-13 11:29:24,Electronics,North,Consumer,430.3,7,0.26,2174.89,209.77,0
2021-03-14 05:04:51,Food,South,Corporate,55.81,13,0.24,2250.85,139.75,0
2021-03-14 13:03:20,Clothing,East,Small Business,88.84,11,0.13,2087.43,65.9,0
2021-03-15 19:54:12,Furniture,North,Consumer,243.86,10,0.28,2577.76,122.73,0
2021-03-18 04:06:12,Office Supplies,North,Corporate,176.68,1,0.22,2359.63,31.54,0
2021-03-18 15:00:59,Office Supplies,East,Small Business,155.4,12,0.09,2212.51,158.25,0
2021-03-19 17:01:46,Clothing,North,Consumer,59.74,6,0.05,2406.7,88.29,0
2021-03-21 07:04:27,Office Supplies,South,Corporate,135.25,9,0.02,1303.76,338.05,1
2021-03-21 08:57:04,Clothing,North,Consumer,49.81,2,0.1,2085.8,18.0,0
2021-03-22 07:45:39,Electronics,West,Consumer,366.92,8,0.04,1803.1,179.95,0
2021-03-24 12:04:49,Office Supplies,East,Small Business,64.55,10,0.25,1359.16,143.1,0
2021-03-25 12:16:12,Electronics,South,Small Business,520.29,10,0.03,1634.87,1284.79,1
2021-03-27 16:03:40,Clothing,North,Consumer,76.74,9,0.29,1933.65,46.26,0
2021-03-28 06:27:01,Office Supplies,South,Small Business,23.62,1,0.06,2276.98,2.73,0
2021-03-29 12:51:04,Office Supplies,South,Corporate,50.03,2,0.09,2098.6,5.3,0
2021-03-29 12:51:14,Office Supplies,East,Small Business,116.51,4,0.18,1312.27,30.73,0
2021-04-01 16:54:26,Electronics,West,Corporate,470.94,3,0.13,2961.61,339.89,1
2021-04-02 00:16:46,Clothing,West,Small Business,54.79,10,0.02,2829.35,72.79,0
2021-04-04 14:02:58,Electronics,East,Consumer,480.5,9,0.2,2044.13,829.64,1
2021-04-04 22:42:44,Clothing,East,Corporate,51.31,7,0.29,1765.99,66.02,0
2021-04-06 23:23:31,Clothing,North,Small Business,84.41,10,0.07,1675.74,187.17,0
2021-04-07 21:44:25,Furniture,West,Small Business,297.01,9,0.06,2481.24,160.64,0
2021-04-08 09:11:22,Office Supplies,South,Consumer,112.17,9,0.25,2236.91,106.0,0
2021-04-09 23:24:44,Furniture,West,Small Business,271.06,10,0.16,2161.12,681.92,1
2021-04-11 05:58:59,Food,West,Corporate,48.31,3,0.09,2046.7,30.53,0
2021-04-14 04:31:54,Food,South,Consumer,47.26,5,0.19,1924.24,56.61,0
2021-04-15 13:49:45,Furniture,East,Small Business,226.56,7,0.22,1561.0,141.57,0
2021-04-18 07:14:09,Electronics,North,Consumer,581.16,5,0.23,2026.66,244.36,0
2021-04-19 22:47:54,Furniture,South,Corporate,214.46,6,0.3,1286.54,48.61,0
2021-04-20 03:01:51,Office Supplies,East,Corporate,164.13,12,0.26,2616.85,260.16,0
2021-04-22 16:21:52,Furniture,South,Consumer,396.52,14,0.01,1835.7,650.63,1
2021-04-24 02:37:28,Office Supplies,South,Small Business,174.45,11,0.11,828.21,124.58,0
2021-04-26 15:32:39,Electronics,East,Small Business,220.06,8,0.2,1897.03,286.49,0
2021-04-27 02:46:54,Furniture,West,Consumer,282.69,4,0.14,1708.16,170.25,0
2021-04-27 06:39:53,Clothing,North,Small Business,74.75,12,0.25,1838.34,70.76,0
2021-04-27 07:41:32,Food,South,Consumer,50.85,4,0.19,1645.1,22.38,0
2021-04-27 09:19:49,Office Supplies,West,Small Business,131.43,4,0.23,1758.14,116.67,0
2021-04-29 19:16:31,Office Supplies,South,Corporate,118.05,2,0.18,1131.0,57.83,0
2021-04-30 18:34:10,Office Supplies,West,Consumer,139.19,11,0.1,2003.45,105.56,0
2021-05-02 01:48:09,Office Supplies,East,Small Business,137.32,13,0.08,1374.85,451.54,1
2021-05-02 14:30:32,Furniture,South,Corporate,275.14,8,0.23,623.25,198.21,0
2021-05-03 01:59:43,Furniture,West,Corporate,267.63,5,0.16,2278.91,328.28,1
2021-05-04 18:15:35,Furniture,East,Small Business,313.64,13,0.29,2175.76,145.66,0
2021-05-06 01:22:44,Electronics,East,Consumer,595.89,3,0.25,2070.16,371.51,1
2021-05-06 18:03:34,Electronics,North,Small Business,567.95,4,0.03,2042.02,355.99,1
2021-05-07 13:19:20,Office Supplies,South,Small Business,126.96,7,0.15,1675.37,145.73,0
2021-05-13 05:35:11,Office Supplies,West,Consumer,244.88,2,0.1,2994.03,51.67,0
2021-05-15 22:00:22,Furniture,South,Consumer,322.83,1,0.26,932.67,16.95,0
2021-05-17 07:39:18,Clothing,South,Consumer,98.51,3,0.19,1231.99,23.88,0
2021-05-17 23:29:03,Clothing,East,Corporate,111.29,7,0.02,805.04,156.88,0
2021-05-19 02:58:25,Electronics,South,Small Business,447.84,12,0.25,2196.58,288.98,0
2021-05-22 20:42:05,Clothing,North,Consumer,86.03,12,0.21,787.87,238.46,0
2021-05-24 02:57:42,Furniture,South,Corporate,275.65,1,0.03,2828.5,19.37,0
2021-06-01 10:10:46,Furniture,East,Consumer,206.27,13,0.28,1727.38,336.53,1
2021-06-01 11:35:46,Food,North,Consumer,66.9,14,0.06,3799.73,66.24,0
2021-06-02 00:55:51,Office Supplies,South,Consumer,87.93,12,0.15,1060.1,83.58,0
2021-06-07 03:56:23,Food,North,Corporate,63.08,1,0.02,2514.86,3.46,0
2021-06-08 07:05:54,Electronics,East,Consumer,624.3,7,0.1,2025.38,835.33,1
2021-06-08 23:18:17,Furniture,East,Corporate,378.0,1,0.09,2393.32,26.12,0
2021-06-10 13:30:56,Clothing,South,Corporate,69.91,9,0.11,1464.35,151.97,0
2021-06-12 07:56:05,Clothing,North,Consumer,115.15,6,0.01,1357.65,145.37,0
2021-06-12 09:26:50,Furniture,North,Consumer,319.37,4,0.13,2069.09,126.93,0
2021-06-12 15:00:13,Furniture,North,Small Business,282.01,10,0.09,1502.36,154.98,0
2021-06-13 06:14:48,Clothing,South,Small Business,68.89,11,0.1,1973.51,150.89,0
2021-06-13 08:54:35,Furniture,South,Consumer,238.32,6,0.06,1051.83,76.44,0
2021-06-13 09:28:18,Electronics,East,Consumer,558.71,6,0.08,1335.58,879.35,1
2021-06-15 23:21:03,Electronics,East,Corporate,148.53,6,0.08,2419.79,220.81,0
2021-06-17 12:44:51,Food,East,Small Business,62.38,12,0.02,1814.23,55.52,0
2021-06-18 15:25:32,Electronics,East,Small Business,724.61,5,0.17,2573.99,488.11,1
2021-06-18 21:35:54,Electronics,North,Small Business,443.19,5,0.22,2145.52,92.32,0
2021-06-19 13:44:19,Food,East,Corporate,40.76,11,0.28,1712.12,78.85,0
2021-06-20 14:12:22,Food,East,Corporate,51.13,14,0.19,1771.22,80.99,0
2021-06-21 13:51:07,Food,East,Small Business,57.57,11,0.22,1453.92,147.05,0
2021-06-23 01:29:33,Clothing,North,Small Business,50.22,1,0.25,2087.33,9.59,0
2021-06-24 19:29:05,Food,East,Consumer,35.13,4,0.21,2477.16,13.16,0
2021-06-26 05:27:56,Office Supplies,West,Small Business,75.29,7,0.09,2156.84,116.31,0
2021-06-27 15:33:50,Food,North,Corporate,57.3,8,0.0,2548.22,35.76,0
2021-06-27 23:30:42,Furniture,West,Small Business,152.35,7,0.1,2590.73,161.09,0
2021-06-28 02:42:03,Office Supplies,North,Consumer,216.79,11,0.22,1516.27,335.22,1
2021-06-30 04:07:54,Furniture,North,Consumer,417.58,14,0.13,2020.99,994.65,1
2021-06-30 06:18:50,Electronics,West,Small Business,347.32,12,0.05,2719.74,946.85,1
2021-07-01 05:15:02,Clothing,West,Consumer,57.46,3,0.14,2305.64,40.47,0
2021-07-01 08:22:14,Clothing,South,Small Business,99.66,1,0.07,1822.81,18.13,0
2021-07-02 07:48:13,Office Supplies,South,Consumer,103.0,2,0.06,643.38,56.78,0
2021-07-03 08:05:40,Clothing,West,Consumer,67.84,6,0.0,2153.17,56.47,0
2021-07-03 13:41:53,Furniture,East,Corporate,262.55,6,0.01,1074.69,285.19,0
2021-07-05 20:05:42,Food,East,Consumer,27.59,10,0.1,1714.11,61.4,0
2021-07-07 09:21:36,Furniture,West,Consumer,341.0,7,0.22,2807.21,332.6,1
2021-07-08 14:16:00,Office Supplies,West,Small Business,73.57,13,0.22,1844.1,69.41,0
2021-07-09 22:31:59,Clothing,East,Corporate,62.4,1,0.28,1076.55,5.8,0
2021-07-11 07:48:15,Furniture,South,Consumer,472.43,9,0.16,1068.29,1013.81,1
2021-07-12 02:51:41,Furniture,West,Consumer,172.59,2,0.06,2327.76,43.64,0
2021-07-16 17:22:12,Furniture,East,Corporate,261.28,7,0.12,1609.75,350.88,1
2021-07-18 19:50:39,Electronics,West,Small Business,615.22,2,0.29,1988.35,244.86,0
2021-07-20 16:21:13,Clothing,East,Consumer,87.29,9,0.14,1276.75,157.06,0
2021-07-21 09:20:27,Food,South,Corporate,48.04,5,0.26,923.27,43.94,0
2021-07-23 02:05:19,Food,West,Small Business,45.1,8,0.13,1651.62,37.29,0
2021-07-23 19:44:07,Furniture,South,Consumer,296.74,14,0.3,2428.66,365.41,1
2021-07-25 23:28:04,Electronics,North,Corporate,486.09,6,0.13,1441.98,165.99,0
2021-07-27 21:43:22,Food,South,Consumer,57.46,11,0.02,685.05,143.62,0
2021-07-28 19:35:25,Office Supplies,South,Corporate,126.06,14,0.01,2250.7,90.33,0
2021-08-04 05:07:39,Furniture,East,Small Business,175.46,8,0.08,1560.3,107.68,0
2021-08-06 11:38:44,Electronics,West,Consumer,475.61,11,0.09,2178.52,496.44,1
2021-08-07 04:14:51,Clothing,South,Consumer,99.58,10,0.15,500.0,228.95,0
2021-08-09 19:09:26,Office Supplies,East,Consumer,168.61,12,0.01,1706.72,529.9,1
2021-08-11 15:50:02,Clothing,South,Small Business,87.0,5,0.25,1574.96,24.62,0
2021-08-17 10:51:07,Electronics,North,Small Business,624.91,3,0.3,1745.28,106.2,0
2021-08-20 01:31:50,Food,North,Corporate,48.08,10,0.25,2674.19,22.77,0
2021-08-20 06:12:32,Electronics,North,Corporate,579.08,3,0.09,1896.33,471.48,1
2021-08-21 19:24:28,Office Supplies,South,Small Business,127.57,10,0.25,2122.82,157.86,0
2021-08-22 23:48:57,Food,South,Consumer,47.79,12,0.27,1373.98,27.66,0
2021-08-24 08:57:46,Food,South,Consumer,32.01,1,0.04,1223.69,1.68,0
2021-08-26 15:53:06,Office Supplies,South,Small Business,123.81,12,0.29,1537.95,72.95,0
2021-08-28 06:30:37,Clothing,North,Small Business,97.15,11,0.28,1798.96,76.87,0
2021-08-28 10:24:37,Office Supplies,West,Consumer,145.97,4,0.01,1764.51,126.17,0
2021-09-02 17:29:20,Office Supplies,North,Corporate,51.81,4,0.24,1405.93,11.91,0
2021-09-04 13:29:18,Clothing,East,Small Business,38.79,10,0.28,1582.47,62.98,0
2021-09-05 01:29:07,Electronics,East,Corporate,419.17,13,0.09,1386.66,315.74,1
2021-09-05 20:49:45,Furniture,North,Corporate,270.25,9,0.25,2036.15,156.71,0
2021-09-06 06:10:27,Electronics,North,Consumer,281.81,6,0.24,1618.23,264.18,0
2021-09-07 00:26:14,Furniture,West,Corporate,218.28,1,0.03,1620.89,21.21,0
2021-09-07 11:04:56,Electronics,South,Corporate,593.03,12,0.1,1723.49,1847.67,1
2021-09-09 12:45:26,Electronics,East,Small Business,634.27,4,0.16,1404.96,353.34,1
2021-09-12 14:57:01,Clothing,North,Consumer,72.8,7,0.1,1382.56,23.82,0
2021-09-13 07:47:57,Clothing,North,Small Business,83.99,8,0.19,2095.35,54.81,0
2021-09-13 14:13:31,Electronics,West,Consumer,612.59,11,0.14,1795.67,766.05,1
2021-09-15 05:17:36,Office Supplies,South,Corporate,86.21,10,0.04,1497.3,230.47,0
2021-09-15 07:34:24,Office Supplies,West,Corporate,143.59,6,0.0,2357.19,62.78,0
2021-09-15 23:30:09,Furniture,North,Corporate,370.33,10,0.08,2287.18,707.86,1
2021-09-18 08:29:31,Electronics,South,Small Business,426.34,4,0.26,1381.76,137.78,0
2021-09-20 21:14:28,Electronics,West,Small Business,615.59,5,0.11,1630.95,560.71,1
2021-09-23 17:37:45,Electronics,North,Small Business,460.58,7,0.2,1867.71,684.92,1
2021-09-24 14:04:53,Office Supplies,South,Corporate,115.51,9,0.29,1785.88,177.85,0
2021-09-26 08:14:24,Office Supplies,West,Corporate,124.58,13,0.26,2301.33,61.03,0
2021-09-28 16:09:45,Electronics,West,Corporate,566.01,1,0.03,2591.06,95.54,0
2021-09-29 19:05:03,Clothing,West,Corporate,107.94,10,0.24,2195.67,164.53,0
2021-10-02 13:50:45,Food,North,Small Business,46.35,6,0.24,2648.04,40.84,0
2021-10-03 13:18:01,Food,North,Consumer,46.96,6,0.17,1876.44,52.81,0
2021-10-08 00:02:02,Electronics,West,Corporate,445.46,6,0.24,1739.0,388.8,1
2021-10-10 15:47:36,Office Supplies,West,Corporate,92.28,7,0.18,2060.96,149.86,0
2021-10-11 12:43:15,Furniture,East,Corporate,253.61,6,0.23,1599.76,202.72,0
2021-10-11 23:06:08,Office Supplies,East,Small Business,160.31,13,0.01,1309.22,511.33,1
2021-10-12 15:59:40,Electronics,North,Small Business,469.42,11,0.25,2088.47,1098.78,1
2021-10-13 03:51:17,Food,South,Consumer,56.41,7,0.16,1111.38,59.22,0
2021-10-14 16:24:16,Furniture,East,Corporate,221.8,7,0.06,2414.07,430.45,1
2021-10-17 01:11:58,Clothing,South,Small Business,73.99,3,0.17,918.86,43.06,0
2021-10-17 05:10:18,Furniture,South,Small Business,267.94,10,0.12,1456.34,520.7,1
2021-10-19 16:02:31,Electronics,West,Small Business,436.61,4,0.07,1664.82,298.09,0
2021-10-20 06:15:49,Office Supplies,North,Corporate,128.47,13,0.14,1856.2,340.64,1
2021-10-25 01:38:03,Food,East,Small Business,71.06,9,0.04,1668.61,107.3,0
2021-10-25 17:59:35,Clothing,East,Small Business,60.66,10,0.05,2076.38,46.03,0
2021-10-26 03:21:15,Furniture,East,Consumer,287.82,3,0.27,1617.36,35.45,0
2021-10-28 15:09:20,Food,South,Small Business,57.27,3,0.21,1101.51,34.44,0
2021-10-29 03:56:15,Office Supplies,North,Consumer,177.91,3,0.09,1124.8,56.53,0
2021-10-30 04:46:07,Office Supplies,East,Corporate,115.74,10,0.09,1422.94,172.1,0
2021-10-31 13:33:06,Electronics,North,Corporate,478.19,13,0.26,2259.25,614.01,1
2021-11-01 13:50:54,Office Supplies,North,Consumer,209.45,12,0.27,1860.46,256.3,0
2021-11-01 16:14:51,Electronics,South,Corporate,491.24,10,0.22,1563.26,1089.93,1
2021-11-02 20:19:09,Office Supplies,West,Corporate,99.77,13,0.27,2377.41,100.13,0
2021-11-02 22:03:37,Electronics,North,Consumer,600.25,1,0.28,2032.25,23.26,0
2021-11-02 23:45:20,Food,North,Corporate,64.3,3,0.02,1518.18,17.67,0
2021-11-03 09:24:28,Clothing,South,Corporate,96.94,11,0.19,1589.09,111.33,0
2021-11-05 20:33:15,Electronics,South,Corporate,490.2,7,0.04,1552.01,334.8,1
2021-11-07 06:43:26,Office Supplies,East,Consumer,106.26,13,0.2,2198.45,170.84,0
2021-11-07 19:26:39,Food,East,Small Business,60.78,14,0.21,2376.37,50.84,0
2021-11-08 06:49:34,Office Supplies,East,Consumer,126.01,4,0.04,833.18,91.21,0
2021-11-08 13:00:53,Food,East,Small Business,40.53,4,0.26,2740.53,14.01,0
2021-11-09 22:50:06,Office Supplies,North,Consumer,104.28,10,0.29,2110.59,57.4,0
2021-11-11 18:33:03,Furniture,South,Small Business,385.87,5,0.13,2011.94,350.51,1
2021-11-11 23:29:00,Office Supplies,East,Small Business,137.55,13,0.11,1533.5,191.68,0
2021-11-14 10:54:19,Office Supplies,East,Small Business,118.82,3,0.22,505.47,25.76,0
2021-11-17 16:13:37,Office Supplies,West,Consumer,144.24,4,0.05,1881.61,119.33,0
2021-11-17 19:23:02,Furniture,North,Consumer,314.22,9,0.25,2651.67,252.37,0
2021-11-19 08:06:33,Electronics,East,Consumer,661.53,12,0.22,2249.96,1730.28,1
2021-11-19 23:27:05,Clothing,West,Consumer,86.1,8,0.26,2287.73,40.22,0
2021-11-20 06:51:32,Office Supplies,East,Corporate,163.18,14,0.08,2030.63,600.25,1
2021-11-22 16:51:43,Office Supplies,North,Small Business,117.81,10,0.29,2773.53,169.62,0
2021-11-23 08:30:24,Electronics,East,Consumer,669.43,6,0.28,1850.98,770.86,1
2021-11-24 09:10:38,Clothing,East,Small Business,122.53,13,0.04,2199.38,191.83,0
2021-11-25 00:29:09,Furniture,North,Small Business,406.08,2,0.13,1517.4,99.06,0
2021-11-25 13:01:46,Food,East,Corporate,56.46,14,0.06,1910.04,166.03,0
2021-11-27 06:23:13,Electronics,East,Corporate,660.63,8,0.24,2285.02,1082.18,1
2021-11-30 08:19:01,Electronics,West,Small Business,891.26,4,0.06,2119.1,766.53,1
2021-11-30 17:31:29,Electronics,South,Consumer,280.7,4,0.26,916.74,54.67,0
2021-12-05 12:21:01,Furniture,North,Small Business,298.9,11,0.25,2815.46,732.69,1
2021-12-06 21:42:19,Furniture,South,Corporate,135.09,6,0.03,1875.13,55.37,0
2021-12-08 05:59:02,Electronics,West,Small Business,545.94,10,0.06,2102.85,1424.37,1
2021-12-08 07:56:33,Food,North,Small Business,36.05,9,0.02,2332.79,32.58,0
2021-12-09 23:33:21,Office Supplies,North,Small Business,180.48,4,0.08,2411.06,180.78,0
2021-12-10 01:55:18,Clothing,West,Consumer,59.94,5,0.09,2218.09,60.0,0
2021-12-11 17:28:42,Food,East,Corporate,48.19,12,0.08,932.47,99.18,0
2021-12-11 21:12:37,Furniture,West,Consumer,352.96,12,0.1,1398.55,767.88,1
2021-12-12 07:21:44,Clothing,West,Small Business,90.66,13,0.21,1675.52,161.43,0
2021-12-17 03:26:02,Furniture,South,Consumer,363.13,6,0.13,2214.03,364.98,1
2021-12-17 10:53:36,Electronics,North,Consumer,462.27,4,0.01,1683.85,445.37,1
2021-12-18 21:06:53,Furniture,East,Small Business,449.57,8,0.25,1568.23,428.41,1
2021-12-20 09:29:25,Electronics,East,Small Business,515.77,2,0.13,1690.31,47.24,0
2021-12-22 02:06:27,Electronics,North,Consumer,349.56,12,0.12,1435.77,231.49,0
2021-12-24 03:29:41,Clothing,South,Small Business,73.67,7,0.13,589.04,67.43,0
2021-12-26 08:27:28,Furniture,South,Corporate,435.97,14,0.2,1447.11,1013.41,1
2021-12-30 09:31:58,Clothing,East,Corporate,75.56,8,0.12,1338.71,43.97,0
2021-12-30 13:13:52,Food,South,Small Business,46.11,8,0.2,1199.86,78.13,0
2022-01-01 19:56:46,Electronics,North,Corporate,585.91,14,0.03,3048.71,1218.73,1
2022-01-02 00:49:27,Clothing,South,Consumer,92.93,4,0.3,2129.74,18.47,0
2022-01-03 14:26:17,Office Supplies,South,Small Business,183.12,14,0.26,1921.33,427.5,1
2022-01-03 15:43:11,Electronics,West,Consumer,349.36,11,0.17,2199.33,845.21,1
2022-01-04 02:33:38,Office Supplies,East,Small Business,122.16,8,0.12,2881.55,231.93,0
2022-01-04 13:03:36,Office Supplies,West,Small Business,129.27,10,0.07,1753.02,333.53,1
2022-01-05 04:48:00,Clothing,East,Consumer,82.42,2,0.02,1921.61,34.5,0
2022-01-09 08:25:47,Office Supplies,North,Corporate,149.49,10,0.05,2458.74,366.66,1
2022-01-09 18:06:11,Office Supplies,North,Consumer,116.74,4,0.07,1436.1,125.41,0
2022-01-10 02:31:48,Office Supplies,South,Corporate,58.9,3,0.27,1168.22,25.41,0
2022-01-10 07:44:35,Office Supplies,East,Corporate,143.58,7,0.1,1356.82,142.22,0
2022-01-10 17:14:08,Office Supplies,North,Corporate,164.83,6,0.26,1660.82,145.3,0
2022-01-10 19:02:47,Furniture,South,Small Business,341.15,13,0.3,1343.0,490.69,1
2022-01-12 07:40:11,Office Supplies,North,Consumer,93.72,14,0.22,1811.04,265.45,0
2022-01-14 05:30:25,Electronics,West,Corporate,602.02,8,0.17,2284.88,363.38,1
2022-01-14 15:57:01,Office Supplies,North,Corporate,116.26,13,0.15,1670.31,231.31,0
2022-01-15 09:55:48,Electronics,North,Small Business,364.87,11,0.06,3000.1,381.73,1
2022-01-19 14:35:07,Food,West,Consumer,49.42,7,0.1,2654.65,45.67,0
2022-01-19 19:26:15,Furniture,South,Small Business,306.32,5,0.06,1745.33,291.61,0
2022-01-21 03:32:03,Office Supplies,North,Small Business,120.06,3,0.03,1732.06,50.95,0
2022-01-27 01:28:07,Electronics,South,Corporate,584.64,5,0.14,1068.6,634.27,1
2022-01-27 02:17:19,Office Supplies,West,Small Business,148.04,3,0.22,1412.85,29.5,0
2022-01-28 15:57:22,Food,North,Consumer,51.42,12,0.18,1961.65,73.84,0
2022-01-29 00:58:55,Clothing,West,Consumer,88.53,3,0.27,2354.98,34.6,0
2022-02-01 22:22:18,Food,North,Consumer,49.19,5,0.0,2070.89,16.91,0
2022-02-03 08:33:59,Furniture,West,Small Business,321.11,14,0.03,2109.18,590.59,1
2022-02-04 01:19:04,Furniture,North,Small Business,367.93,8,0.21,2531.18,293.06,0
2022-02-04 14:40:48,Food,West,Small Business,46.45,13,0.25,3144.82,54.13,0
2022-02-07 12:26:08,Office Supplies,South,Consumer,134.74,13,0.02,1488.07,500.62,1
2022-02-09 18:04:51,Electronics,West,Corporate,720.07,2,0.07,3006.5,229.97,0
2022-02-10 16:02:55,Furniture,West,Small Business,238.95,8,0.2,2359.58,146.39,0
2022-02-16 22:48:43,Office Supplies,North,Small Business,81.61,6,0.24,2260.61,43.88,0
2022-02-20 10:32:56,Food,North,Corporate,68.8,4,0.19,2369.4,18.58,0
2022-02-21 15:46:44,Office Supplies,North,Small Business,103.1,4,0.1,2035.92,19.66,0
2022-02-22 04:48:17,Clothing,North,Consumer,107.44,4,0.24,2064.8,50.58,0
2022-02-22 10:05:53,Food,North,Corporate,49.32,9,0.08,2076.02,111.8,0
2022-02-22 12:12:46,Furniture,South,Consumer,299.16,8,0.13,1257.86,614.37,1
2022-02-23 05:41:36,Furniture,West,Small Business,264.1,5,0.14,2263.59,106.01,0
2022-02-25 07:02:12,Furniture,East,Consumer,422.55,14,0.05,1885.73,1011.15,1
2022-02-25 10:24:14,Clothing,North,Consumer,115.46,8,0.11,2606.5,168.75,0
2022-03-02 20:30:17,Food,West,Corporate,43.31,3,0.07,2966.18,31.81,0
2022-03-03 00:51:11,Electronics,East,Small Business,693.09,12,0.08,2266.79,891.87,1
2022-03-04 12:16:31,Electronics,South,Corporate,564.68,7,0.02,1107.92,805.61,1
2022-03-05 02:16:49,Electronics,West,Consumer,486.61,10,0.16,1811.58,301.71,0
2022-03-05 08:36:40,Electronics,North,Small Business,342.34,1,0.21,2896.97,36.87,0
2022-03-07 10:03:52,Furniture,South,Small Business,160.95,2,0.23,1140.78,20.1,0
2022-03-07 13:26:46,Clothing,North,Consumer,102.49,6,0.14,1587.15,37.29,0
2022-03-09 13:43:28,Office Supplies,North,Small Business,91.72,11,0.11,2693.15,240.52,0
2022-03-09 17:08:32,Food,East,Consumer,33.75,9,0.05,1480.95,77.16,0
2022-03-11 14:08:01,Electronics,East,Corporate,482.26,8,0.11,1842.1,723.74,1
2022-03-11 15:40:11,Food,East,Corporate,53.79,1,0.2,1391.8,8.44,0
2022-03-12 06:44:11,Furniture,South,Corporate,353.68,9,0.01,1948.2,203.06,0
2022-03-13 04:52:38,Food,West,Consumer,60.92,9,0.26,1808.51,20.78,0
2022-03-14 10:14:46,Food,North,Corporate,56.69,13,0.04,2065.31,124.27,0
2022-03-15 17:53:06,Office Supplies,East,Corporate,80.2,14,0.27,1626.4,180.52,0
2022-03-16 21:14:13,Food,North,Small Business,46.97,11,0.2,2433.47,74.49,0
2022-03-18 21:40:06,Office Supplies,West,Small Business,99.22,13,0.03,1994.72,120.25,0
2022-03-21 14:59:37,Electronics,West,Small Business,632.84,9,0.19,2239.06,945.46,1
2022-03-22 17:49:49,Office Supplies,East,Corporate,131.53,1,0.19,2168.86,8.5,0
2022-03-23 15:56:16,Furniture,South,Corporate,349.12,2,0.03,1898.26,47.25,0
2022-03-25 16:47:28,Office Supplies,East,Consumer,85.1,5,0.25,2162.94,20.67,0
2022-03-27 10:56:02,Electronics,West,Consumer,322.62,3,0.24,2347.83,181.41,0
2022-03-27 11:57:51,Furniture,South,Small Business,376.42,6,0.04,1187.1,279.55,0
2022-03-27 22:10:04,Clothing,East,Corporate,66.61,14,0.28,1697.77,183.62,0
2022-03-30 03:26:47,Clothing,South,Small Business,58.76,7,0.06,555.15,102.0,0
2022-03-30 07:40:05,Office Supplies,North,Consumer,168.54,7,0.09,1854.63,108.12,0
2022-03-31 04:33:11,Furniture,North,Corporate,277.96,12,0.22,2457.51,635.93,1
2022-04-01 20:06:26,Office Supplies,North,Consumer,189.16,12,0.3,1931.6,80.32,0
2022-04-05 14:26:00,Furniture,South,Consumer,278.04,11,0.27,1572.89,227.79,0
2022-04-06 02:44:44,Office Supplies,West,Corporate,146.62,11,0.24,1771.67,250.11,0
2022-04-06 08:18:58,Furniture,East,Corporate,192.26,13,0.26,764.06,488.78,1
2022-04-09 16:38:47,Clothing,South,Consumer,51.88,10,0.03,1064.09,144.42,0
2022-04-10 17:48:06,Furniture,South,Small Business,271.56,6,0.04,1271.82,241.62,0
2022-04-10 21:45:42,Electronics,West,Consumer,581.35,5,0.25,2606.66,465.63,1
2022-04-13 16:57:17,Food,South,Consumer,37.73,13,0.08,1519.67,84.05,0
2022-04-18 12:00:40,Office Supplies,West,Small Business,111.33,9,0.1,1693.96,104.31,0
2022-04-18 17:22:18,Office Supplies,North,Small Business,135.43,11,0.1,2979.61,235.69,0
2022-04-20 12:46:15,Food,East,Consumer,53.92,1,0.11,2502.59,5.65,0
2022-04-21 17:59:21,Electronics,East,Corporate,521.31,11,0.25,1972.81,1198.52,1
2022-04-23 18:04:18,Food,North,Consumer,75.24,4,0.04,1197.02,79.32,0
2022-04-28 16:01:07,Electronics,South,Consumer,370.82,5,0.08,1119.42,238.27,0
2022-04-30 06:26:04,Food,East,Consumer,55.4,13,0.26,2180.25,61.37,0
2022-04-30 16:29:49,Clothing,North,Corporate,83.47,11,0.24,3203.11,79.24,0
2022-05-01 02:32:25,Office Supplies,East,Corporate,141.73,11,0.09,2111.44,132.97,0
2022-05-01 07:31:55,Office Supplies,North,Corporate,71.28,3,0.25,1589.39,34.99,0
2022-05-03 02:16:17,Furniture,South,Small Business,378.41,11,0.17,500.0,865.66,1
2022-05-03 06:22:53,Furniture,West,Small Business,300.52,11,0.23,1206.01,317.22,1
2022-05-08 22:11:05,Food,North,Consumer,53.15,7,0.12,2346.98,85.91,0
2022-05-09 12:11:43,Clothing,South,Corporate,72.79,4,0.07,1789.15,25.96,0
2022-05-09 15:54:37,Office Supplies,South,Corporate,92.09,4,0.01,1239.5,86.67,0
2022-05-11 11:30:05,Food,West,Small Business,63.82,6,0.22,3061.21,65.84,0
2022-05-11 19:19:16,Office Supplies,North,Small Business,176.3,8,0.27,2516.51,101.67,0
2022-05-11 19:27:28,Food,North,Corporate,47.67,4,0.07,2385.05,9.65,0
2022-05-13 22:14:45,Office Supplies,East,Corporate,199.65,7,0.27,1469.68,190.49,0
2022-05-15 13:54:52,Food,South,Small Business,56.24,10,0.2,1344.96,113.54,0
2022-05-15 15:34:45,Clothing,West,Consumer,89.41,11,0.25,1842.17,91.36,0
2022-05-16 08:27:46,Office Supplies,West,Corporate,129.68,1,0.25,1416.6,21.08,0
2022-05-16 12:09:08,Food,West,Corporate,38.7,1,0.12,1696.89,6.27,0
2022-05-16 13:19:22,Electronics,South,Small Business,540.34,2,0.04,880.22,263.82,0
2022-05-17 06:56:02,Clothing,North,Small Business,103.46,10,0.19,1458.61,143.24,0
2022-05-19 18:12:53,Furniture,East,Corporate,337.34,9,0.12,2038.56,198.36,0
2022-05-20 06:09:59,Electronics,South,Corporate,596.09,9,0.15,855.89,347.52,1
2022-05-20 20:18:06,Food,West,Consumer,56.28,12,0.07,3202.11,172.06,0
2022-05-25 03:17:07,Electronics,East,Consumer,499.14,11,0.12,1125.52,1146.96,1
2022-05-25 23:07:44,Furniture,South,Consumer,343.72,3,0.14,2054.99,197.26,0
2022-05-30 00:33:42,Food,West,Consumer,42.93,10,0.02,2403.73,68.9,0
2022-05-30 09:43:21,Food,East,Small Business,53.94,14,0.12,2342.95,48.78,0
2022-05-31 03:11:23,Clothing,West,Corporate,81.91,13,0.06,1992.34,202.91,0
2022-06-02 11:34:03,Food,North,Consumer,53.06,4,0.05,2378.0,39.96,0
2022-06-02 23:53:19,Office Supplies,North,Small Business,77.48,5,0.02,2591.4,111.9,0
2022-06-03 08:37:45,Food,North,Corporate,44.45,4,0.19,2761.07,7.3,0
2022-06-03 21:37:17,Furniture,East,Consumer,313.18,5,0.21,2181.08,195.14,0
2022-06-04 03:13:56,Clothing,West,Corporate,85.84,11,0.15,1948.79,136.36,0
2022-06-04 18:55:48,Food,East,Small Business,67.26,10,0.13,2545.47,60.44,0
2022-06-07 04:49:43,Electronics,West,Corporate,517.04,7,0.04,2685.7,999.19,1
2022-06-07 20:05:12,Food,South,Consumer,68.73,4,0.16,1599.82,62.86,0
2022-06-08 02:03:00,Food,West,Small Business,64.92,14,0.16,2811.17,203.33,0
2022-06-08 16:03:57,Electronics,South,Small Business,546.87,4,0.16,500.0,191.9,0
2022-06-11 07:18:17,Food,East,Small Business,69.31,3,0.15,2294.07,27.83,0
2022-06-14 04:36:52,Electronics,West,Consumer,501.22,8,0.02,2034.89,1143.98,1
2022-06-14 20:02:17,Food,South,Small Business,66.33,10,0.01,1522.72,107.24,0
2022-06-15 10:10:31,Office Supplies,South,Corporate,162.19,13,0.05,1543.38,513.29,1
2022-06-17 11:32:00,Furniture,West,Consumer,367.92,5,0.16,1798.6,152.39,0
2022-06-17 12:55:00,Electronics,West,Consumer,696.1,12,0.01,1468.98,2298.2,1
2022-06-17 14:11:53,Clothing,South,Small Business,96.8,1,0.19,1092.14,16.24,0
2022-06-17 15:51:35,Electronics,South,Consumer,556.8,3,0.23,1067.97,66.51,0
2022-06-19 16:56:06,Office Supplies,West,Small Business,129.19,3,0.12,3247.82,82.47,0
2022-06-21 08:54:46,Office Supplies,West,Small Business,142.78,3,0.2,2020.91,29.6,0
2022-06-24 03:50:48,Electronics,South,Small Business,331.15,3,0.03,1035.23,52.65,0
2022-06-25 08:07:27,Furniture,North,Corporate,327.93,8,0.14,2045.92,185.7,0
2022-06-25 19:47:11,Furniture,North,Small Business,432.12,12,0.26,1365.5,726.62,1
2022-06-29 17:07:32,Clothing,West,Small Business,84.98,3,0.15,2297.84,41.58,0
2022-06-30 01:51:37,Food,West,Small Business,46.46,8,0.22,1684.89,37.22,0
2022-07-01 07:21:15,Clothing,South,Small Business,101.94,7,0.11,1602.53,137.81,0
2022-07-01 22:12:12,Office Supplies,West,Corporate,62.74,10,0.07,2468.13,62.64,0
2022-07-02 10:13:28,Food,East,Small Business,48.2,8,0.19,734.88,50.04,0
2022-07-02 16:10:45,Office Supplies,North,Consumer,45.91,6,0.09,2568.87,47.98,0
2022-07-03 18:43:25,Food,West,Small Business,57.89,3,0.27,2753.73,35.8,0
2022-07-06 13:12:11,Office Supplies,East,Corporate,125.68,6,0.07,1133.73,43.16,0
2022-07-07 22:50:52,Clothing,North,Corporate,72.1,5,0.18,1638.66,46.29,0
2022-07-08 17:22:44,Electronics,East,Corporate,521.57,11,0.1,1424.74,838.12,1
2022-07-10 22:09:06,Electronics,West,Consumer,621.69,6,0.28,2656.93,596.46,1
2022-07-11 17:13:27,Clothing,West,Corporate,64.15,1,0.09,2481.73,13.91,0
2022-07-15 12:15:33,Furniture,South,Small Business,191.66,14,0.12,1013.71,416.37,1
2022-07-15 18:36:33,Furniture,East,Consumer,385.57,6,0.17,1440.29,119.01,0
2022-07-16 02:15:35,Office Supplies,West,Consumer,103.59,9,0.1,2263.0,212.87,0
2022-07-16 10:14:04,Food,West,Small Business,48.36,6,0.27,2882.93,17.97,0
2022-07-20 07:06:33,Furniture,South,Corporate,273.11,2,0.09,630.79,147.12,0
2022-07-22 04:50:58,Food,South,Small Business,64.86,14,0.11,2147.09,60.01,0
2022-07-22 10:20:18,Clothing,West,Corporate,85.22,10,0.09,3201.45,181.14,0
2022-07-24 07:43:11,Clothing,South,Corporate,94.03,13,0.09,1303.72,210.46,0
2022-07-25 22:04:41,Electronics,South,Corporate,408.6,13,0.24,2449.97,1142.81,1
2022-07-26 07:55:05,Electronics,East,Small Business,555.52,13,0.15,2215.55,1632.16,1
2022-07-31 19:33:58,Clothing,East,Small Business,39.7,4,0.26,1946.29,24.63,0
2022-08-03 17:01:42,Clothing,South,Small Business,78.49,2,0.15,666.0,18.78,0
2022-08-04 11:40:11,Food,North,Small Business,38.76,11,0.07,3253.67,66.72,0
2022-08-05 18:48:02,Furniture,North,Corporate,357.79,4,0.16,1969.19,83.19,0
2022-08-05 23:53:10,Office Supplies,North,Corporate,107.96,3,0.05,1821.68,68.43,0
2022-08-06 01:54:29,Food,West,Small Business,20.86,9,0.03,2544.72,47.55,0
2022-08-06 16:31:56,Clothing,North,Corporate,84.18,7,0.2,2326.38,55.01,0
2022-08-07 00:23:49,Food,North,Small Business,29.26,6,0.23,868.14,8.55,0
2022-08-09 06:03:35,Office Supplies,South,Consumer,91.8,12,0.03,1571.15,59.22,0
2022-08-09 13:33:27,Electronics,South,Corporate,563.41,13,0.16,1898.07,995.93,1
2022-08-10 21:13:20,Furniture,South,Small Business,352.45,3,0.11,1660.75,226.45,0
2022-08-11 19:16:24,Furniture,West,Small Business,105.19,6,0.12,2824.77,164.4,0
2022-08-15 23:36:47,Food,East,Corporate,57.23,4,0.13,1353.03,11.81,0
2022-08-16 02:07:20,Food,West,Consumer,53.37,5,0.25,3451.48,28.32,0
2022-08-23 02:04:18,Electronics,East,Small Business,542.71,7,0.04,1583.54,533.47,1
2022-08-25 18:31:27,Electronics,West,Small Business,546.58,5,0.14,3058.67,194.96,0
2022-08-26 21:44:42,Food,South,Consumer,58.85,4,0.06,2062.14,48.67,0
2022-08-27 19:41:11,Furniture,East,Small Business,337.49,10,0.19,2156.56,408.65,1
2022-08-28 17:36:44,Furniture,South,Corporate,308.62,11,0.18,2130.73,358.92,1
2022-08-29 19:34:24,Furniture,East,Small Business,220.29,11,0.24,2082.56,220.69,0
2022-09-01 08:57:36,Electronics,East,Small Business,705.13,5,0.19,1757.11,433.29,1
2022-09-02 06:01:51,Office Supplies,North,Corporate,112.58,14,0.22,2328.11,173.93,0
2022-09-04 20:23:23,Office Supplies,West,Consumer,148.27,12,0.28,2334.51,348.78,1
2022-09-06 08:05:24,Clothing,East,Small Business,102.82,12,0.14,3163.68,183.95,0
2022-09-07 13:41:10,Office Supplies,North,Small Business,169.76,2,0.22,2285.75,41.79,0
2022-09-08 05:20:00,Office Supplies,West,Small Business,194.1,1,0.11,1573.84,26.57,0
2022-09-08 14:34:51,Food,West,Consumer,43.59,8,0.14,1346.18,82.68,0
2022-09-08 21:43:05,Furniture,South,Consumer,363.29,10,0.26,1658.97,761.2,1
2022-09-08 22:41:51,Furniture,West,Corporate,278.65,14,0.24,2535.4,833.9,1
2022-09-11 11:32:12,Office Supplies,North,Corporate,143.48,6,0.13,1266.66,82.58,0
2022-09-11 12:02:57,Clothing,East,Small Business,59.32,9,0.3,1810.34,72.99,0
2022-09-11 20:16:53,Furniture,South,Corporate,326.46,3,0.24,907.07,104.23,0
2022-09-11 20:35:32,Furniture,East,Corporate,282.2,10,0.25,1118.32,552.94,1
2022-09-12 19:37:33,Furniture,North,Small Business,520.01,6,0.11,2589.4,416.29,1
2022-09-13 04:29:01,Furniture,West,Consumer,199.89,6,0.21,1738.64,213.03,0
2022-09-13 08:42:54,Food,East,Corporate,51.63,3,0.04,1685.47,22.04,0
2022-09-13 10:31:46,Electronics,North,Corporate,563.59,12,0.15,2163.2,1463.22,1
2022-09-17 15:15:30,Office Supplies,East,Small Business,175.38,2,0.03,930.19,70.69,0
2022-09-18 11:12:06,Furniture,North,Corporate,205.9,10,0.24,2418.96,219.65,0
2022-09-18 20:03:12,Electronics,East,Corporate,496.33,6,0.07,2065.74,780.08,1
2022-09-22 14:41:33,Clothing,East,Corporate,129.08,2,0.01,1896.48,17.78,0
2022-09-23 03:01:27,Furniture,North,Small Business,284.62,9,0.02,715.6,245.12,0
2022-09-29 05:11:28,Furniture,South,Small Business,351.35,12,0.16,1521.2,685.23,1
2022-10-01 15:53:52,Furniture,North,Small Business,347.94,13,0.12,1950.27,685.9,1
2022-10-04 02:03:09,Office Supplies,South,Corporate,173.53,12,0.1,2771.73,554.22,1
2022-10-04 02:48:21,Clothing,West,Small Business,71.39,14,0.15,3180.37,231.21,0
2022-10-04 20:05:34,Food,West,Small Business,55.61,12,0.28,2251.98,129.49,0
2022-10-09 00:42:29,Furniture,North,Consumer,194.45,2,0.2,2060.3,21.03,0
2022-10-09 12:01:09,Clothing,West,Consumer,125.78,2,0.09,1661.76,62.92,0
2022-10-09 15:49:00,Food,East,Small Business,41.95,7,0.1,1681.52,67.34,0
2022-10-11 00:47:15,Furniture,South,Corporate,368.41,4,0.28,999.7,165.73,0
2022-10-11 13:13:15,Food,North,Consumer,65.72,6,0.16,2402.96,37.29,0
2022-10-11 17:22:32,Furniture,West,Small Business,391.95,10,0.02,3226.42,885.78,1
2022-10-13 10:29:03,Furniture,West,Small Business,251.64,12,0.3,1806.13,255.8,0
2022-10-14 12:02:27,Food,South,Consumer,50.93,3,0.22,2047.2,34.12,0
2022-10-19 21:05:01,Electronics,West,Corporate,366.34,11,0.05,2427.49,527.13,1
2022-10-23 01:03:15,Office Supplies,East,Small Business,152.49,3,0.21,1528.76,80.42,0
2022-10-28 01:07:37,Electronics,South,Small Business,547.74,6,0.09,1486.42,365.93,1
2022-10-28 18:14:48,Electronics,North,Corporate,241.21,12,0.17,2202.23,479.06,1
2022-10-29 04:17:01,Furniture,West,Corporate,239.4,10,0.14,2202.17,466.06,1
2022-10-29 09:55:02,Food,North,Consumer,22.98,1,0.22,2377.27,1.03,0
2022-10-30 01:55:09,Electronics,South,Small Business,533.03,4,0.12,500.0,366.49,1
2022-10-30 03:42:03,Electronics,East,Corporate,573.8,3,0.0,1645.77,387.12,1
2022-10-30 10:49:31,Electronics,East,Small Business,716.08,13,0.14,1951.18,663.3,1
2022-10-31 01:32:10,Food,South,Consumer,48.83,13,0.12,2366.88,115.1,0
2022-11-02 22:06:53,Electronics,North,Corporate,503.81,14,0.28,1895.46,1523.34,1
2022-11-05 08:49:02,Office Supplies,North,Consumer,76.65,3,0.17,2564.83,34.01,0
2022-11-06 05:08:33,Food,South,Small Business,44.88,7,0.2,1170.01,40.67,0
2022-11-06 16:30:24,Electronics,North,Consumer,352.05,6,0.1,2162.4,336.91,1
2022-11-07 05:10:30,Electronics,North,Small Business,611.63,12,0.03,2188.82,641.87,1
2022-11-07 23:26:15,Furniture,West,Corporate,290.32,3,0.14,2783.58,91.82,0
2022-11-08 20:17:47,Furniture,West,Small Business,344.08,13,0.06,1775.15,439.1,1
2022-11-09 10:53:45,Electronics,North,Corporate,474.46,12,0.21,2438.54,1013.32,1
2022-11-09 16:29:42,Electronics,West,Corporate,537.19,9,0.01,1194.65,1266.23,1
2022-11-10 23:34:04,Food,West,Consumer,43.27,8,0.24,2300.97,59.35,0
2022-11-11 06:52:16,Food,West,Consumer,62.38,10,0.04,2390.52,70.06,0
2022-11-12 10:06:11,Clothing,South,Consumer,68.95,14,0.07,693.27,199.62,0
2022-11-16 19:22:03,Electronics,South,Small Business,703.94,12,0.11,1379.23,642.08,1
2022-11-17 16:02:09,Food,North,Small Business,42.69,11,0.24,2943.0,48.45,0
2022-11-19 08:55:11,Food,East,Small Business,50.06,4,0.0,1078.16,38.78,0
2022-11-21 00:59:07,Electronics,South,Corporate,515.99,14,0.18,1787.55,935.91,1
2022-11-21 05:28:12,Clothing,South,Corporate,36.71,13,0.06,1302.41,50.91,0
2022-11-22 22:27:01,Clothing,North,Consumer,65.02,8,0.15,2095.21,92.96,0
2022-11-25 00:33:40,Electronics,North,Small Business,559.02,4,0.18,2440.23,521.5,1
2022-11-27 23:42:36,Furniture,West,Consumer,430.03,3,0.23,1964.7,268.25,0
2022-12-01 23:50:35,Office Supplies,East,Consumer,128.58,9,0.27,2234.94,151.89,0
2022-12-02 13:05:47,Furniture,West,Corporate,447.01,14,0.13,2651.84,1255.27,1
2022-12-04 10:53:39,Furniture,North,Corporate,305.29,5,0.11,2413.24,182.8,0
2022-12-05 19:22:10,Food,North,Corporate,63.43,11,0.26,1958.92,61.59,0
2022-12-06 04:51:52,Office Supplies,East,Consumer,125.76,2,0.14,2010.59,59.82,0
2022-12-09 11:01:37,Office Supplies,East,Small Business,147.91,14,0.06,2377.12,123.77,0
2022-12-11 01:06:03,Furniture,South,Corporate,228.44,2,0.25,2114.53,52.57,0
2022-12-11 15:39:55,Furniture,West,Consumer,353.09,6,0.14,3250.02,379.46,1
2022-12-12 03:00:07,Furniture,South,Consumer,146.71,9,0.04,1382.69,290.18,0
2022-12-19 13:56:20,Electronics,West,Consumer,430.35,9,0.06,1986.29,939.07,1
2022-12-20 07:03:16,Office Supplies,North,Consumer,149.12,5,0.27,2068.66,74.07,0
2022-12-22 17:54:12,Electronics,East,Consumer,576.37,11,0.08,2049.44,1354.15,1
2022-12-25 15:59:52,Electronics,West,Corporate,451.22,13,0.08,2111.69,961.77,1
2022-12-27 11:09:15,Food,North,Small Business,57.05,4,0.01,2216.6,13.39,0
2022-12-27 16:13:52,Office Supplies,West,Small Business,151.9,9,0.28,2404.38,168.28,0
2022-12-27 23:07:28,Clothing,South,Corporate,82.39,11,0.09,1551.24,85.67,0
